image_index,sample_group,filename,label,nepali_label,foreground_pixels,foreground_ratio,bbox_width,bbox_height,aspect_ratio,bbox_density,centroid_x,centroid_y,contour_area,perimeter,solidity,compactness,orientation,eccentricity,number_of_holes,horizontal_symmetry,vertical_symmetry,horizontal_transition_rate,vertical_transition_rate
0,0,group_000_digit_0_index_0000.png,0,०,121,0.15433673469387754,20,20,1.0,0.3025,0.4489374262101535,0.4752066115702479,286.0,64.28427064418793,0.9694915254237289,0.8696939630451024,0.4381244753383402,0.39219441070550815,1,0.9362244897959183,0.9362244897959183,0.09523809523809523,0.09259259259259259
1,0,group_000_digit_1_index_0001.png,1,१,80,0.10204081632653061,10,20,0.5,0.4,0.5080357142857143,0.4133928571428571,83.5,50.72792184352875,0.7106382978723405,0.4077577248593221,1.3058896288110142,0.8621393215547635,1,0.923469387755102,0.9132653061224489,0.07142857142857142,0.042328042328042326
2,0,group_000_digit_2_index_0002.png,2,२,131,0.16709183673469388,17,20,0.85,0.38529411764705884,0.48773173391494,0.438113413304253,92.5,89.49747371673584,0.4065934065934066,0.1451209269708077,1.3938919807574814,0.6298536585059273,0,0.8341836734693877,0.7423469387755102,0.06878306878306878,0.082010582010582
3,0,group_000_digit_3_index_0003.png,3,३,116,0.14795918367346939,14,20,0.7,0.4142857142857143,0.5166256157635468,0.4907635467980295,76.0,96.42640614509583,0.3470319634703196,0.10271443814496825,-1.405553406321158,0.7607730038533963,1,0.8673469387755102,0.7755102040816326,0.06613756613756613,0.10052910052910052
4,0,group_000_digit_4_index_0004.png,4,४,135,0.17219387755102042,20,16,1.25,0.421875,0.49047619047619045,0.457936507936508,118.0,70.42640614509583,0.5756097560975609,0.29896532302737416,1.0130112971389706,0.5022196932619211,1,0.8596938775510204,0.8239795918367347,0.06613756613756613,0.07936507936507936
5,0,group_000_digit_5_index_0005.png,5,५,106,0.13520408163265307,13,20,0.65,0.4076923076923077,0.4585579514824798,0.5464959568733153,70.5,83.35533833503723,0.3949579831932773,0.12750644687630525,1.4969619396469653,0.6616136742060477,1,0.8826530612244898,0.8418367346938775,0.07671957671957672,0.06613756613756613
6,0,group_000_digit_6_index_0006.png,6,६,141,0.1798469387755102,16,20,0.8,0.440625,0.450354609929078,0.5273556231003039,95.5,101.01219260692596,0.41612200435729846,0.11761579251789361,1.1839158713303268,0.7023339551718476,0,0.8698979591836735,0.8290816326530612,0.07407407407407407,0.0873015873015873
7,0,group_000_digit_7_index_0007.png,7,७,129,0.16454081632653061,20,17,1.1764705882352942,0.37941176470588234,0.4988925802879291,0.455703211517165,98.5,85.8406194448471,0.4129979035639413,0.16798109528252533,-0.37540251947932113,0.7461468283338114,1,0.8086734693877551,0.8239795918367347,0.08994708994708994,0.06878306878306878
8,0,group_000_digit_8_index_0008.png,8,८,79,0.10076530612244898,18,20,0.9,0.21944444444444444,0.44439421338155516,0.49050632911392406,29.5,56.38477599620819,0.2532188841201717,0.11660258033269674,1.349502074711486,0.8676137861604535,0,0.8545918367346939,0.8698979591836735,0.0582010582010582,0.082010582010582
9,0,group_000_digit_9_index_0009.png,9,९,111,0.14158163265306123,13,20,0.65,0.4269230769230769,0.4803732303732304,0.4671814671814672,97.0,87.59797883033752,0.4837905236907731,0.15885227058842843,1.5554632469398195,0.8204246118380925,1,0.8596938775510204,0.8954081632653061,0.06878306878306878,0.10582010582010581
10,1,group_001_digit_0_index_0010.png,0,०,105,0.13392857142857142,18,20,0.9,0.2916666666666667,0.4551020408163265,0.4891156462585034,222.0,57.9411244392395,0.9631236442516269,0.8309769938701209,1.019158161193634,0.6028604324890268,1,0.8443877551020408,0.8494897959183674,0.09259259259259259,0.082010582010582
11,1,group_001_digit_1_index_0011.png,1,१,100,0.12755102040816327,12,20,0.6,0.4166666666666667,0.5146428571428572,0.41964285714285715,112.5,53.55634880065918,0.7839721254355401,0.49287916921157465,1.2300519439874682,0.8242371616577665,1,0.903061224489796,0.8877551020408163,0.07407407407407407,0.047619047619047616
12,1,group_001_digit_2_index_0012.png,2,२,101,0.1288265306122449,13,20,0.65,0.38846153846153847,0.4748939179632249,0.45933521923620935,69.0,77.59797894954681,0.44089456869009586,0.1439985551403183,-1.3873307133886437,0.7659678444911074,1,0.8903061224489796,0.8239795918367347,0.07142857142857142,0.06613756613756613
13,1,group_001_digit_3_index_0013.png,3,३,104,0.1326530612244898,12,20,0.6,0.43333333333333335,0.5089285714285714,0.4955357142857143,70.5,83.01219248771667,0.4246987951807229,0.12856276734024807,-1.4990046299716624,0.835995252029632,1,0.8673469387755102,0.8418367346938775,0.07407407407407407,0.07407407407407407
14,1,group_001_digit_4_index_0014.png,4,४,104,0.1326530612244898,14,20,0.7,0.37142857142857144,0.45982142857142855,0.5226648351648352,99.5,63.69848394393921,0.6357827476038339,0.3081589266167217,1.172393390974946,0.8180473752697909,1,0.903061224489796,0.8520408163265306,0.07671957671957672,0.07142857142857142
15,1,group_001_digit_5_index_0015.png,5,५,114,0.14540816326530612,13,20,0.65,0.43846153846153846,0.450187969924812,0.512531328320802,80.0,93.5979790687561,0.38004750593824227,0.11475375553924301,-1.5139173026093764,0.7387751736418676,1,0.8316326530612245,0.8520408163265306,0.09259259259259259,0.07671957671957672
16,1,group_001_digit_6_index_0016.png,6,६,114,0.14540816326530612,14,20,0.7,0.40714285714285714,0.4667919799498747,0.5310150375939849,77.5,99.49747359752655,0.36992840095465396,0.09837561483072278,1.2669177403455318,0.7678773279696046,1,0.8877551020408163,0.8520408163265306,0.08994708994708994,0.08994708994708994
17,1,group_001_digit_7_index_0017.png,7,७,112,0.14285714285714285,15,20,0.75,0.37333333333333335,0.4454719387755102,0.5567602040816326,104.0,82.42640578746796,0.537467700258398,0.19235809956043426,1.0758101434062202,0.6769769796623732,1,0.8622448979591837,0.8520408163265306,0.09788359788359788,0.07142857142857142
18,1,group_001_digit_8_index_0018.png,8,८,86,0.1096938775510204,14,20,0.7,0.30714285714285716,0.4526578073089701,0.4746677740863787,50.0,79.11269783973694,0.24813895781637718,0.10038931223056319,1.452543179251889,0.8982854939928158,0,0.8928571428571429,0.8928571428571429,0.05555555555555555,0.07142857142857142
19,1,group_001_digit_9_index_0019.png,9,९,114,0.14540816326530612,15,20,0.75,0.38,0.4674185463659148,0.45958646616541354,65.0,109.25483310222626,0.28761061946902655,0.06842926965354064,1.499194345675612,0.7650673370088487,0,0.8520408163265306,0.8571428571428572,0.06878306878306878,0.10582010582010581
20,2,group_002_digit_0_index_0020.png,0,०,141,0.1798469387755102,17,20,0.85,0.4147058823529412,0.43363728470111446,0.49037487335359675,235.0,58.28427076339722,0.9730848861283644,0.8693106338249085,1.1543600923663475,0.5765566929480646,1,0.8903061224489796,0.875,0.08994708994708994,0.07407407407407407
21,2,group_002_digit_1_index_0021.png,1,१,74,0.09438775510204081,9,20,0.45,0.4111111111111111,0.5028957528957528,0.41312741312741313,68.5,49.55634891986847,0.6954314720812182,0.35051114483152646,1.2337073871848998,0.9159873499503063,1,0.9081632653061225,0.8928571428571429,0.06613756613756613,0.03968253968253968
22,2,group_002_digit_2_index_0022.png,2,२,145,0.18494897959183673,16,20,0.8,0.453125,0.4517241379310345,0.530295566502463,106.0,86.76955187320709,0.5083932853717026,0.1769216659841072,-1.3492684233252406,0.804567647618911,0,0.8545918367346939,0.8137755102040816,0.07407407407407407,0.06613756613756613
23,2,group_002_digit_3_index_0023.png,3,३,159,0.20280612244897958,18,20,0.9,0.44166666666666665,0.43778077268643306,0.538858939802336,130.0,87.25483310222626,0.5615550755939525,0.21457258438455656,1.4990778355613341,0.7595313516405232,2,0.8239795918367347,0.8137755102040816,0.08465608465608465,0.08465608465608465
24,2,group_002_digit_4_index_0024.png,4,४,111,0.14158163265306123,15,20,0.75,0.37,0.4517374517374518,0.46589446589446587,93.0,67.94112467765808,0.5314285714285715,0.2531788069522153,-1.2632545449404695,0.7765435550597141,1,0.8494897959183674,0.8239795918367347,0.07936507936507936,0.0582010582010582
25,2,group_002_digit_5_index_0025.png,5,५,134,0.17091836734693877,16,20,0.8,0.41875,0.4669509594882729,0.5119936034115139,100.0,82.76955187320709,0.43956043956043955,0.18342927785400354,-1.1214145751083002,0.856457575731496,1,0.8061224489795918,0.826530612244898,0.07142857142857142,0.07407407407407407
26,2,group_002_digit_6_index_0026.png,6,६,154,0.19642857142857142,17,20,0.85,0.45294117647058824,0.4427179962894249,0.46219851576994436,141.5,85.35533833503723,0.6152173913043478,0.24406467598222265,0.6768214063231495,0.7268190188494396,2,0.8010204081632653,0.7857142857142857,0.082010582010582,0.08994708994708994
27,2,group_002_digit_7_index_0027.png,7,७,138,0.1760204081632653,20,16,1.25,0.43125,0.4640269151138717,0.4886128364389234,121.5,101.0121922492981,0.5083682008368201,0.14963684703782387,-0.20589533679977615,0.6582337088710459,1,0.8214285714285714,0.8163265306122449,0.09523809523809523,0.09788359788359788
28,2,group_002_digit_8_index_0028.png,8,८,40,0.05102040816326531,9,9,1.0,0.49382716049382713,0.6517857142857143,0.5544642857142857,20.5,40.72792172431946,0.38317757009345793,0.15530277874116044,-1.5036256410141025,0.7021559634679871,0,0.8979591836734694,0.923469387755102,0.026455026455026454,0.03968253968253968
29,2,group_002_digit_9_index_0029.png,9,९,18,0.02295918367346939,5,7,0.7142857142857143,0.5142857142857142,0.22023809523809526,0.5654761904761905,8.0,24.14213538169861,0.41025641025641024,0.17248387048325492,1.5053826287578682,0.758246685517624,1,0.9540816326530612,0.9591836734693877,0.021164021164021163,0.0291005291005291
30,3,group_003_digit_0_index_0030.png,0,०,154,0.19642857142857142,17,20,0.85,0.45294117647058824,0.4684601113172541,0.5057977736549165,239.5,58.870057106018066,0.9696356275303644,0.8684133028148622,-1.4671143755353682,0.48132566985529607,1,0.9438775510204082,0.923469387755102,0.08994708994708994,0.07142857142857142
31,3,group_003_digit_1_index_0031.png,1,१,112,0.14285714285714285,10,20,0.5,0.56,0.5105229591836735,0.44706632653061223,110.0,48.97056245803833,0.88,0.5764111389147337,1.3372547294286201,0.8658238050111803,1,0.8928571428571429,0.8877551020408163,0.07407407407407407,0.03439153439153439
32,3,group_003_digit_2_index_0032.png,2,२,175,0.22321428571428573,18,20,0.9,0.4861111111111111,0.47714285714285715,0.5387755102040817,145.5,81.35533833503723,0.6339869281045751,0.2762490201616179,-1.1687525170388682,0.7629640277886353,1,0.8341836734693877,0.778061224489796,0.07142857142857142,0.07671957671957672
33,3,group_003_digit_3_index_0033.png,3,३,113,0.1441326530612245,12,20,0.6,0.4708333333333333,0.4920986093552465,0.49241466498103664,78.5,83.84061932563782,0.47575757575757577,0.14033647552238326,1.549386303117624,0.821564828860865,1,0.8903061224489796,0.8698979591836735,0.07671957671957672,0.07142857142857142
34,3,group_003_digit_4_index_0034.png,4,४,126,0.16071428571428573,14,20,0.7,0.45,0.4963151927437642,0.5062358276643991,100.0,75.94112479686737,0.4975124378109453,0.21789928905809627,1.3594092797320778,0.7472250740548771,1,0.9132653061224489,0.7653061224489796,0.0873015873015873,0.05291005291005291
35,3,group_003_digit_5_index_0035.png,5,५,112,0.14285714285714285,12,20,0.6,0.4666666666666667,0.47034438775510207,0.5363520408163265,78.5,82.18376541137695,0.42091152815013405,0.14605198029805286,-1.379860583916867,0.8283988099162067,1,0.8979591836734694,0.846938775510204,0.082010582010582,0.06349206349206349
36,3,group_003_digit_6_index_0036.png,6,६,153,0.1951530612244898,18,20,0.9,0.425,0.4446778711484594,0.5252100840336135,108.0,101.25483298301697,0.44171779141104295,0.13237381831058853,0.9518133132757253,0.6704702279569302,0,0.8239795918367347,0.7729591836734694,0.07142857142857142,0.09259259259259259
37,3,group_003_digit_7_index_0037.png,7,७,163,0.20790816326530612,20,19,1.0526315789473684,0.42894736842105263,0.4936459246275197,0.47283085013146364,123.5,89.01219248771667,0.4862204724409449,0.1958744656844202,-0.5722247008010395,0.7102110112775512,0,0.7474489795918368,0.8239795918367347,0.082010582010582,0.06349206349206349
38,3,group_003_digit_8_index_0038.png,8,८,117,0.14923469387755103,20,15,1.3333333333333333,0.39,0.47741147741147744,0.42277167277167277,80.5,77.21320307254791,0.4214659685863874,0.16967685531447765,0.9364070750198001,0.45872247594567234,0,0.9056122448979592,0.8852040816326531,0.042328042328042326,0.07671957671957672
39,3,group_003_digit_9_index_0039.png,9,९,91,0.11607142857142858,10,20,0.5,0.455,0.48430141287284145,0.47998430141287285,76.0,57.11269795894623,0.6129032258064516,0.2927912565773437,1.344895869478011,0.9401760371597498,1,0.875,0.9005102040816326,0.06613756613756613,0.05026455026455026
40,4,group_004_digit_0_index_0040.png,0,०,219,0.27933673469387754,20,18,1.1111111111111112,0.6083333333333333,0.47015655577299414,0.46885192433137635,258.5,61.69848442077637,0.9718045112781954,0.853338655795199,0.1862735648732988,0.5334538635034445,1,0.9566326530612245,0.9209183673469388,0.07142857142857142,0.082010582010582
41,4,group_004_digit_1_index_0041.png,1,१,139,0.17729591836734693,15,20,0.75,0.4633333333333333,0.46145940390544704,0.43602261048304214,137.0,56.62741661071777,0.817910447761194,0.536879637735267,0.9246070334313861,0.8365589026647324,1,0.7831632653061225,0.7831632653061225,0.07142857142857142,0.05291005291005291
42,4,group_004_digit_2_index_0042.png,2,२,153,0.1951530612244898,17,20,0.85,0.45,0.4302054154995331,0.5219421101774043,114.0,86.76955199241638,0.49673202614379086,0.1902742440261248,1.2660051437769648,0.7752065856983104,0,0.7882653061224489,0.8290816326530612,0.06613756613756613,0.07407407407407407
43,4,group_004_digit_3_index_0043.png,3,३,128,0.16326530612244897,14,20,0.7,0.45714285714285713,0.48270089285714285,0.498046875,91.5,83.8406194448471,0.4854111405835544,0.16357691049404544,1.387646057219964,0.8267172889659167,0,0.826530612244898,0.8418367346938775,0.06878306878306878,0.07142857142857142
44,4,group_004_digit_4_index_0044.png,4,४,120,0.15306122448979592,16,20,0.8,0.375,0.5178571428571429,0.48482142857142857,88.0,79.25483286380768,0.44,0.17605202599774752,1.144083852744794,0.7038378211867234,1,0.8163265306122449,0.7551020408163265,0.07936507936507936,0.06349206349206349
45,4,group_004_digit_5_index_0045.png,5,५,87,0.11096938775510204,14,20,0.7,0.3107142857142857,0.5073891625615764,0.506568144499179,52.5,78.18376541137695,0.3583617747440273,0.1079284654173277,1.1708458516544609,0.9131801141117097,0,0.8443877551020408,0.8647959183673469,0.07671957671957672,0.05291005291005291
46,4,group_004_digit_6_index_0046.png,6,६,92,0.11734693877551021,12,20,0.6,0.38333333333333336,0.468555900621118,0.47554347826086957,56.0,83.25483286380768,0.36721311475409835,0.10152639942281733,1.3304233590488366,0.8985783412483949,0,0.8571428571428572,0.8724489795918368,0.07142857142857142,0.06878306878306878
47,4,group_004_digit_7_index_0047.png,7,७,142,0.18112244897959184,16,20,0.8,0.44375,0.4557344064386318,0.5022635814889336,103.5,87.8406195640564,0.5201005025125628,0.16856190592518308,1.2957535639430389,0.5850003868788336,0,0.8010204081632653,0.846938775510204,0.08994708994708994,0.05555555555555555
48,4,group_004_digit_8_index_0048.png,8,८,120,0.15306122448979592,17,20,0.85,0.35294117647058826,0.4720238095238095,0.44821428571428573,85.0,76.28427076339722,0.39443155452436196,0.18355186087633416,1.2858182943581844,0.8930821769317053,0,0.8367346938775511,0.8979591836734694,0.0582010582010582,0.06349206349206349
49,4,group_004_digit_9_index_0049.png,9,९,86,0.1096938775510204,10,20,0.5,0.43,0.49501661129568103,0.41694352159468434,75.0,47.455843925476074,0.7246376811594203,0.41849639895267204,1.194530975097874,0.936140347386649,1,0.8826530612244898,0.8622448979591837,0.06349206349206349,0.03968253968253968
50,5,group_005_digit_0_index_0050.png,0,०,128,0.16326530612244897,16,20,0.8,0.4,0.48911830357142855,0.51171875,207.5,56.87005698680878,0.9453302961275627,0.8062331259831707,-1.3020182903566184,0.6112891036677895,1,0.903061224489796,0.8928571428571429,0.08994708994708994,0.06878306878306878
51,5,group_005_digit_1_index_0051.png,1,१,109,0.13903061224489796,11,20,0.55,0.4954545454545455,0.5134338138925295,0.4249672346002621,94.0,50.97056233882904,0.7736625514403292,0.4546726885033645,1.2280873302278292,0.8323461960795324,1,0.9005102040816326,0.8698979591836735,0.06349206349206349,0.03968253968253968
52,5,group_005_digit_2_index_0052.png,2,२,141,0.1798469387755102,16,20,0.8,0.440625,0.5045592705167173,0.5098784194528875,111.5,83.8406195640564,0.5452322738386308,0.19933142588218689,-1.0458635367958515,0.6756471416825363,1,0.8086734693877551,0.7729591836734694,0.082010582010582,0.07407407407407407
53,5,group_005_digit_3_index_0053.png,3,३,107,0.1364795918367347,13,20,0.65,0.4115384615384615,0.5113484646194927,0.49833110814419224,70.0,85.25483298301697,0.41055718475073316,0.12102355004396366,-1.4076253066506819,0.850509790838407,0,0.8494897959183674,0.8801020408163265,0.07142857142857142,0.07142857142857142
54,5,group_005_digit_4_index_0054.png,4,४,115,0.14668367346938777,15,20,0.75,0.38333333333333336,0.4627329192546584,0.5177018633540372,100.0,77.5979790687561,0.4728132387706856,0.2086935575331667,-1.144862364971436,0.7880498133724175,1,0.8852040816326531,0.798469387755102,0.0873015873015873,0.07142857142857142
55,5,group_005_digit_5_index_0055.png,5,५,171,0.2181122448979592,18,20,0.9,0.475,0.4847535505430242,0.4943609022556391,162.0,78.76955187320709,0.5955882352941176,0.32810143443234896,-0.625799549519902,0.5167377085117766,2,0.7729591836734694,0.8239795918367347,0.0873015873015873,0.07936507936507936
56,5,group_005_digit_6_index_0056.png,6,६,153,0.1951530612244898,20,19,1.0526315789473684,0.4026315789473684,0.47759103641456585,0.4696545284780579,103.5,113.15432786941528,0.375,0.10157992205513909,0.0951865304932187,0.599267690079867,0,0.798469387755102,0.7474489795918368,0.08994708994708994,0.09523809523809523
57,5,group_005_digit_7_index_0057.png,7,७,152,0.19387755102040816,18,20,0.9,0.4222222222222222,0.4548872180451128,0.5326597744360902,121.5,89.01219248771667,0.5305676855895196,0.19270240955997617,-0.9009317813013391,0.43846916454483903,1,0.7602040816326531,0.8010204081632653,0.09523809523809523,0.07142857142857142
58,5,group_005_digit_8_index_0058.png,8,८,130,0.16581632653061223,20,16,1.25,0.40625,0.46263736263736266,0.45659340659340664,91.0,84.2842708826065,0.41647597254004576,0.16097490887073182,-1.509834688103504,0.47237836790427856,0,0.8979591836734694,0.8673469387755102,0.047619047619047616,0.08465608465608465
59,5,group_005_digit_9_index_0059.png,9,९,74,0.09438775510204081,10,20,0.5,0.37,0.5028957528957528,0.48503861003861004,49.5,53.21320295333862,0.5129533678756477,0.21967278819159322,-1.354941453079531,0.9743408795964318,0,0.903061224489796,0.9132653061224489,0.05291005291005291,0.03439153439153439
60,6,group_006_digit_0_index_0060.png,0,०,141,0.1798469387755102,12,20,0.6,0.5875,0.4739108409321175,0.4946808510638298,178.0,51.79898929595947,0.9861495844875346,0.8336567954497326,-1.518711837717393,0.773902486025816,1,0.9566326530612245,0.9566326530612245,0.0873015873015873,0.047619047619047616
61,6,group_006_digit_1_index_0061.png,1,१,100,0.12755102040816327,8,20,0.4,0.625,0.4878571428571429,0.4685714285714285,85.0,46.97056245803833,0.8585858585858586,0.48414702576828095,1.412162915695888,0.9202028917065823,1,0.9489795918367347,0.903061224489796,0.06349206349206349,0.0291005291005291
62,6,group_006_digit_2_index_0062.png,2,२,89,0.11352040816326531,11,20,0.55,0.40454545454545454,0.48434991974317815,0.49157303370786515,57.0,71.94112491607666,0.44881889763779526,0.138398145532935,-1.3398094404190393,0.8833063359790907,0,0.8545918367346939,0.875,0.07407407407407407,0.04497354497354497
63,6,group_006_digit_3_index_0063.png,3,३,89,0.11352040816326531,10,20,0.5,0.445,0.5044141252006421,0.5052166934189406,56.5,73.35533833503723,0.4574898785425101,0.13194558494753714,-1.4602758259185729,0.9077216012867569,0,0.8801020408163265,0.9056122448979592,0.06878306878306878,0.05291005291005291
64,6,group_006_digit_4_index_0064.png,4,४,138,0.1760204081632653,14,20,0.7,0.4928571428571429,0.4490165631469979,0.4780020703933747,107.0,83.25483298301697,0.5459183673469388,0.19398794119878443,-1.5224014645135848,0.7685478202284386,1,0.8214285714285714,0.8010204081632653,0.08465608465608465,0.06878306878306878
65,6,group_006_digit_5_index_0065.png,5,५,79,0.10076530612244898,9,20,0.45,0.4388888888888889,0.4697106690777577,0.48146473779385174,44.0,75.4558436870575,0.36666666666666664,0.09711286834087338,1.3931571541896783,0.8764347147232644,0,0.8903061224489796,0.9107142857142857,0.07936507936507936,0.03968253968253968
66,6,group_006_digit_6_index_0066.png,6,६,106,0.13520408163265307,12,20,0.6,0.44166666666666665,0.46361185983827496,0.5326819407008087,69.0,85.25483310222626,0.4524590163934426,0.11929464185258047,1.3353572455672456,0.8604972248351882,0,0.8316326530612245,0.8571428571428572,0.07936507936507936,0.06349206349206349
67,6,group_006_digit_7_index_0067.png,7,७,107,0.1364795918367347,10,20,0.5,0.535,0.45493991989319094,0.544392523364486,92.0,54.62741661071777,0.7666666666666667,0.3874149411930806,1.4525505507670442,0.8525555038516737,1,0.8954081632653061,0.8903061224489796,0.07142857142857142,0.03968253968253968
68,6,group_006_digit_8_index_0068.png,8,८,148,0.18877551020408162,16,20,0.8,0.4625,0.43846525096525096,0.43532818532818535,106.0,93.59797894954681,0.41245136186770426,0.15204872647680495,-1.5655773965522317,0.7767077365654245,0,0.8724489795918368,0.8724489795918368,0.07407407407407407,0.07671957671957672
69,6,group_006_digit_9_index_0069.png,9,९,125,0.15943877551020408,11,20,0.55,0.5681818181818182,0.47800000000000004,0.4668571428571428,102.5,67.35533833503723,0.657051282051282,0.283915880802962,-1.5595776224963618,0.8860105303022521,1,0.9413265306122449,0.9056122448979592,0.06878306878306878,0.06084656084656084
70,7,group_007_digit_0_index_0070.png,0,०,194,0.24744897959183673,18,20,0.9,0.5388888888888889,0.4786450662739323,0.4911634756995582,241.0,60.28427064418793,0.9525691699604744,0.8333335843223167,-1.2017662666565336,0.4643294642089623,1,0.8979591836734694,0.8316326530612245,0.08465608465608465,0.07671957671957672
71,7,group_007_digit_1_index_0071.png,1,१,108,0.1377551020408163,12,20,0.6,0.45,0.5221560846560847,0.39087301587301587,89.0,54.14213538169861,0.6819923371647509,0.381530366489099,1.1445580523151297,0.8945954653486403,1,0.8826530612244898,0.8367346938775511,0.06084656084656084,0.03968253968253968
72,7,group_007_digit_2_index_0072.png,2,२,122,0.1556122448979592,16,20,0.8,0.38125,0.4953161592505855,0.5087822014051523,86.0,85.25483322143555,0.41545893719806765,0.14868607493668498,-1.1444974280965687,0.6321970212167112,1,0.8418367346938775,0.75,0.07407407407407407,0.07407407407407407
73,7,group_007_digit_3_index_0073.png,3,३,66,0.08418367346938775,19,20,0.95,0.1736842105263158,0.35227272727272724,0.5995670995670996,35.0,63.455843687057495,0.3349282296650718,0.10922817134920496,-0.9990613186688954,0.8361875457442423,0,0.8520408163265306,0.8775510204081632,0.05555555555555555,0.05555555555555555
74,7,group_007_digit_4_index_0074.png,4,४,138,0.1760204081632653,20,20,1.0,0.345,0.42339544513457555,0.47489648033126297,116.5,94.8111822605133,0.4489402697495183,0.16286083802105247,1.3022184267512311,0.5616731107675742,1,0.7908163265306123,0.75,0.08994708994708994,0.10052910052910052
75,7,group_007_digit_5_index_0075.png,5,५,102,0.13010204081632654,15,20,0.75,0.34,0.46673669467787116,0.5346638655462185,80.0,92.42640602588654,0.37825059101654845,0.11768137094342754,1.2373480408811623,0.730107181179841,1,0.8673469387755102,0.8418367346938775,0.09259259259259259,0.08465608465608465
76,7,group_007_digit_6_index_0076.png,6,६,80,0.10204081632653061,19,13,1.4615384615384615,0.32388663967611336,0.453125,0.5044642857142857,52.0,77.94112479686737,0.32398753894080995,0.10756720142303501,0.28539624074743464,0.850163317493337,1,0.8775510204081632,0.8571428571428572,0.06613756613756613,0.07671957671957672
77,7,group_007_digit_7_index_0077.png,7,७,131,0.16709183673469388,20,20,1.0,0.3275,0.4762813522355507,0.5676117775354417,94.5,93.0121922492981,0.3586337760910816,0.1372656627698795,0.44843938885775436,0.6882840980157017,1,0.8443877551020408,0.8290816326530612,0.0873015873015873,0.07671957671957672
78,7,group_007_digit_8_index_0078.png,8,८,84,0.10714285714285714,20,11,1.8181818181818181,0.38181818181818183,0.399234693877551,0.4727891156462585,49.5,76.04163002967834,0.3333333333333333,0.10757521612563506,0.39631620350857305,0.7799914679364579,1,0.903061224489796,0.9183673469387755,0.03439153439153439,0.08994708994708994
79,7,group_007_digit_9_index_0079.png,9,९,134,0.17091836734693877,14,20,0.7,0.4785714285714286,0.47867803837953093,0.46668443496801704,119.5,75.84061932563782,0.6191709844559585,0.2610802546319632,1.2871483126595098,0.873656593870592,1,0.8163265306122449,0.8622448979591837,0.06878306878306878,0.0873015873015873
80,8,group_008_digit_0_index_0080.png,0,०,158,0.20153061224489796,18,20,0.9,0.4388888888888889,0.468128390596745,0.4997739602169982,250.5,60.870057225227356,0.9671814671814671,0.8495915301536986,-1.1361351640723378,0.6163331706121133,1,0.8316326530612245,0.8316326530612245,0.0873015873015873,0.082010582010582
81,8,group_008_digit_1_index_0081.png,1,१,133,0.16964285714285715,14,20,0.7,0.475,0.511546723952739,0.4070891514500537,130.0,59.79898941516876,0.7580174927113703,0.456841477158352,1.2199407239770466,0.7104333771050938,1,0.8903061224489796,0.8443877551020408,0.06878306878306878,0.05555555555555555
82,8,group_008_digit_2_index_0082.png,2,२,157,0.2002551020408163,20,20,1.0,0.3925,0.4683803457688808,0.5077343039126478,118.0,89.25483322143555,0.48065173116089616,0.186135146609714,-0.6455358250945749,0.7825375315545336,0,0.7729591836734694,0.7372448979591837,0.07142857142857142,0.07671957671957672
83,8,group_008_digit_3_index_0083.png,3,३,104,0.1326530612244898,12,20,0.6,0.43333333333333335,0.5164835164835165,0.47836538461538464,69.5,79.01219248771667,0.4664429530201342,0.1398963689647987,-1.247360608279336,0.856256415540994,0,0.8571428571428572,0.846938775510204,0.07142857142857142,0.06084656084656084
84,8,group_008_digit_4_index_0084.png,4,४,103,0.13137755102040816,17,20,0.85,0.3029411764705882,0.4056865464632455,0.5201109570041609,75.0,71.94112491607666,0.39577836411609496,0.18210282306965134,1.1830512297129223,0.7206671714052469,1,0.8137755102040816,0.7729591836734694,0.07142857142857142,0.0582010582010582
85,8,group_008_digit_5_index_0085.png,5,५,136,0.17346938775510204,18,20,0.9,0.37777777777777777,0.4703256302521009,0.5304621848739496,120.0,76.76955199241638,0.5369127516778524,0.2558663051390373,-0.8799140940826234,0.7527253890625492,2,0.7908163265306123,0.7755102040816326,0.0873015873015873,0.07407407407407407
86,8,group_008_digit_6_index_0086.png,6,६,105,0.13392857142857142,13,20,0.65,0.40384615384615385,0.4346938775510204,0.5190476190476191,65.5,89.0121922492981,0.3786127167630058,0.10388483863205245,1.4712615836743905,0.7819328431187113,0,0.8239795918367347,0.8596938775510204,0.07936507936507936,0.06613756613756613
87,8,group_008_digit_7_index_0087.png,7,७,147,0.1875,20,17,1.1764705882352942,0.4323529411764706,0.47206025267249757,0.5070456754130224,122.5,86.18376553058624,0.5072463768115942,0.20725023043725574,-0.30094397374690707,0.7298281418954895,1,0.7627551020408163,0.8086734693877551,0.09259259259259259,0.07407407407407407
88,8,group_008_digit_8_index_0088.png,8,८,121,0.15433673469387754,19,20,0.95,0.31842105263157894,0.3851829988193624,0.417060212514758,83.5,85.01219272613525,0.35913978494623655,0.1451890632708846,-1.0398804430498487,0.8181971551213516,0,0.8086734693877551,0.8035714285714286,0.06084656084656084,0.07936507936507936
89,8,group_008_digit_9_index_0089.png,9,९,142,0.18112244897959184,14,20,0.7,0.5071428571428571,0.505784708249497,0.47510060362173034,110.5,86.18376541137695,0.5287081339712919,0.18694816756465676,-1.4897973793196222,0.7877819667218815,1,0.826530612244898,0.826530612244898,0.0582010582010582,0.09788359788359788
90,9,group_009_digit_0_index_0090.png,0,०,201,0.25637755102040816,18,20,0.9,0.5583333333333333,0.4722814498933902,0.48116560056858565,285.5,64.38477599620819,0.9777397260273972,0.8654651775261897,1.2665377451683306,0.48575593110055315,1,0.8596938775510204,0.9362244897959183,0.09259259259259259,0.07407407407407407
91,9,group_009_digit_1_index_0091.png,1,१,150,0.1913265306122449,16,20,0.8,0.46875,0.5121428571428571,0.43023809523809525,147.0,65.4558436870575,0.7331670822942643,0.43115194409685964,0.8611234427662869,0.6092515689939536,1,0.8418367346938775,0.8316326530612245,0.07671957671957672,0.06613756613756613
92,9,group_009_digit_2_index_0092.png,2,२,206,0.2627551020408163,20,20,1.0,0.515,0.4719140083217753,0.5273925104022191,166.5,105.01219272613525,0.5606060606060606,0.18973377514495343,-0.8858912975170552,0.6838421165456586,1,0.7244897959183674,0.6938775510204082,0.08465608465608465,0.09788359788359788
93,9,group_009_digit_3_index_0093.png,3,३,131,0.16709183673469388,13,20,0.65,0.5038461538461538,0.48391494002181024,0.48609596510359865,90.5,91.8406195640564,0.4513715710723192,0.13483071374683653,-1.5695500777417932,0.746030870263977,0,0.8852040816326531,0.7933673469387755,0.07407407407407407,0.07671957671957672
94,9,group_009_digit_4_index_0094.png,4,४,96,0.12244897959183673,19,11,1.7272727272727273,0.45933014354066987,0.4293154761904762,0.43898809523809523,73.0,59.79898953437805,0.584,0.2565340592276579,0.19518195974591207,0.7663548200743776,1,0.9183673469387755,0.8979591836734694,0.047619047619047616,0.06084656084656084
95,9,group_009_digit_5_index_0095.png,5,५,165,0.21045918367346939,16,20,0.8,0.515625,0.4893939393939394,0.5158008658008658,124.5,97.35533845424652,0.5413043478260869,0.16506677776305348,1.1649132824048014,0.6544619042637918,1,0.9005102040816326,0.8137755102040816,0.07936507936507936,0.08465608465608465
96,9,group_009_digit_6_index_0096.png,6,६,85,0.10841836734693877,20,11,1.8181818181818181,0.38636363636363635,0.4470588235294118,0.4861344537815126,50.5,76.52691125869751,0.38697318007662834,0.10836096709054496,0.3303729746070603,0.9045499578466853,0,0.9005102040816326,0.8801020408163265,0.05291005291005291,0.07142857142857142
97,9,group_009_digit_7_index_0097.png,7,७,54,0.06887755102040816,18,11,1.6363636363636365,0.2727272727272727,0.49272486772486773,0.4398148148148148,26.5,49.21320295333862,0.40458015267175573,0.13749676348340775,-0.3964496039210018,0.8964118413074768,1,0.9183673469387755,0.903061224489796,0.05291005291005291,0.05291005291005291
98,9,group_009_digit_8_index_0098.png,8,८,84,0.10714285714285714,20,9,2.2222222222222223,0.4666666666666667,0.45833333333333337,0.4468537414965987,54.5,63.21320295333862,0.5265700483091788,0.17139208969691977,0.37679910356588847,0.8699387728717048,0,0.903061224489796,0.8826530612244898,0.026455026455026454,0.07407407407407407
99,9,group_009_digit_9_index_0099.png,9,९,106,0.13520408163265307,13,20,0.65,0.4076923076923077,0.4481132075471698,0.47237196765498657,90.0,73.94112515449524,0.4986149584487535,0.20686178299385727,1.2427613063749974,0.8877517055160672,1,0.8112244897959184,0.8367346938775511,0.06878306878306878,0.07671957671957672
100,10,group_010_digit_0_index_0100.png,0,०,115,0.14668367346938777,12,20,0.6,0.4791666666666667,0.4440993788819876,0.48478260869565215,83.5,68.87005698680878,0.4550408719346049,0.22122563726890696,-1.4127448139115297,0.880776210587288,0,0.8596938775510204,0.9158163265306123,0.05555555555555555,0.05555555555555555
101,10,group_010_digit_1_index_0101.png,1,१,69,0.08801020408163265,8,20,0.4,0.43125,0.4989648033126294,0.4052795031055901,57.5,48.72792184352875,0.6460674157303371,0.3043139974077291,1.5386674115600527,0.9215400296304417,1,0.9056122448979592,0.8954081632653061,0.06349206349206349,0.03439153439153439
102,10,group_010_digit_2_index_0102.png,2,२,141,0.1798469387755102,15,20,0.75,0.47,0.4594731509625127,0.5134245187436677,105.5,91.35533833503723,0.49764150943396224,0.15885264954465786,-1.2256892643952966,0.7492268752252418,1,0.8188775510204082,0.7678571428571428,0.08465608465608465,0.07407407407407407
103,10,group_010_digit_3_index_0103.png,3,३,79,0.10076530612244898,14,20,0.7,0.28214285714285714,0.4642857142857143,0.4977396021699819,44.5,85.8406194448471,0.26176470588235295,0.07588993644743532,1.5294167746266005,0.8442099871832338,1,0.8903061224489796,0.8545918367346939,0.06613756613756613,0.0873015873015873
104,10,group_010_digit_4_index_0104.png,4,४,107,0.1364795918367347,14,20,0.7,0.3821428571428571,0.4672897196261682,0.5040053404539385,114.0,87.74011421203613,0.5253456221198156,0.18608798126910092,-1.441132153448596,0.7906689174126564,1,0.8801020408163265,0.9107142857142857,0.0873015873015873,0.10582010582010581
105,10,group_010_digit_5_index_0105.png,5,५,158,0.20153061224489796,20,20,1.0,0.395,0.4425858951175407,0.4801084990958409,148.5,84.6690468788147,0.48929159802306427,0.2603076765682535,0.06643876253863197,0.45484777728135306,2,0.8520408163265306,0.7908163265306123,0.09259259259259259,0.09788359788359788
106,10,group_010_digit_6_index_0106.png,6,६,129,0.16454081632653061,18,20,0.9,0.35833333333333334,0.4446290143964563,0.4831118493909191,84.0,113.25483322143555,0.35294117647058826,0.08229541892292414,0.8131976689207798,0.682724754661282,1,0.8801020408163265,0.7372448979591837,0.06878306878306878,0.12698412698412698
107,10,group_010_digit_7_index_0107.png,7,७,127,0.16198979591836735,20,17,1.1764705882352942,0.3735294117647059,0.4654105736782902,0.5205286839145107,123.0,82.42640590667725,0.5565610859728507,0.22750044401439107,0.14225542726667226,0.6361515911445893,1,0.8852040816326531,0.8290816326530612,0.08465608465608465,0.0873015873015873
108,10,group_010_digit_8_index_0108.png,8,८,111,0.14158163265306123,19,12,1.5833333333333333,0.4868421052631579,0.4118404118404118,0.48648648648648646,70.0,85.79898941516876,0.3977272727272727,0.11949330108183367,-0.13337827011946954,0.6297232304278594,0,0.9056122448979592,0.9260204081632653,0.031746031746031744,0.09788359788359788
109,10,group_010_digit_9_index_0109.png,9,९,166,0.21173469387755103,20,18,1.1111111111111112,0.46111111111111114,0.4752581755593804,0.4511617900172117,115.0,112.42640602588654,0.391156462585034,0.1143328551887688,-1.3792973873110494,0.5691776106653847,0,0.8520408163265306,0.8163265306122449,0.05555555555555555,0.12169312169312169
110,11,group_011_digit_0_index_0110.png,0,०,110,0.14030612244897958,13,20,0.65,0.4230769230769231,0.44383116883116885,0.4766233766233766,174.5,53.21320307254791,0.9407008086253369,0.7744020478320149,1.5253267428952557,0.7588667366008787,1,0.9285714285714286,0.9591836734693877,0.0873015873015873,0.05555555555555555
111,11,group_011_digit_1_index_0111.png,1,१,86,0.1096938775510204,8,20,0.4,0.5375,0.4796511627906977,0.4431063122923588,73.5,47.55634880065918,0.7696335078534031,0.4083947924804485,1.513215595419865,0.9403681632679052,1,0.9438775510204082,0.8979591836734694,0.06878306878306878,0.031746031746031744
112,11,group_011_digit_2_index_0112.png,2,२,95,0.1211734693877551,13,20,0.65,0.36538461538461536,0.4635338345864662,0.4992481203007519,70.5,66.52691113948822,0.4325153374233129,0.20017243029585383,-1.4003276538272609,0.8757368874069654,1,0.8341836734693877,0.8086734693877551,0.06613756613756613,0.0582010582010582
113,11,group_011_digit_3_index_0113.png,3,३,88,0.11224489795918367,14,20,0.7,0.3142857142857143,0.5093344155844156,0.4971590909090909,59.5,81.8406195640564,0.3617021276595745,0.11163207894786473,-1.0480774726223154,0.8293685358761989,1,0.8520408163265306,0.8367346938775511,0.082010582010582,0.07142857142857142
114,11,group_011_digit_4_index_0114.png,4,४,75,0.09566326530612244,14,20,0.7,0.26785714285714285,0.4014285714285714,0.4933333333333333,68.5,62.52691149711609,0.46440677966101696,0.22017422729388977,-1.2357606375892283,0.9188197241522682,1,0.8188775510204082,0.8647959183673469,0.07936507936507936,0.0582010582010582
115,11,group_011_digit_5_index_0115.png,5,५,74,0.09438775510204081,14,20,0.7,0.2642857142857143,0.47731660231660233,0.5709459459459459,56.5,79.35533821582794,0.32471264367816094,0.11274726558618975,-1.278576108422376,0.8489191260770316,1,0.8724489795918368,0.8622448979591837,0.08994708994708994,0.06613756613756613
116,11,group_011_digit_6_index_0116.png,6,६,115,0.14668367346938777,18,20,0.9,0.3194444444444444,0.48416149068322983,0.4832298136645963,84.5,96.3259003162384,0.37555555555555553,0.11444067724555126,-0.9715505218742666,0.36558455377317084,1,0.8290816326530612,0.8035714285714286,0.09523809523809523,0.08994708994708994
117,11,group_011_digit_7_index_0117.png,7,७,121,0.15433673469387754,18,20,0.9,0.33611111111111114,0.4790436835891381,0.505017709563164,109.5,91.0121922492981,0.4362549800796813,0.16612111298080645,-0.7360156722328614,0.7513952391148758,1,0.7627551020408163,0.8392857142857143,0.11904761904761904,0.06878306878306878
118,11,group_011_digit_8_index_0118.png,8,८,94,0.11989795918367346,13,20,0.65,0.36153846153846153,0.428951367781155,0.3943768996960486,65.5,64.52691149711609,0.45017182130584193,0.19768303803215703,-1.5204328095474957,0.8534410068584297,0,0.8520408163265306,0.8367346938775511,0.05291005291005291,0.05555555555555555
119,11,group_011_digit_9_index_0119.png,9,९,82,0.10459183673469388,9,20,0.45,0.45555555555555555,0.4568815331010453,0.4372822299651568,63.0,55.455843567848206,0.5316455696202531,0.2574279993814467,-1.531933466313347,0.9482822212932984,1,0.903061224489796,0.8979591836734694,0.06084656084656084,0.047619047619047616
120,12,group_012_digit_0_index_0120.png,0,०,196,0.25,19,20,0.95,0.5157894736842106,0.45371720116618075,0.46683673469387754,268.5,62.870057106018066,0.9693140794223827,0.8536236608272351,-0.9150398117213725,0.5818861468494205,1,0.8622448979591837,0.8673469387755102,0.08994708994708994,0.07671957671957672
121,12,group_012_digit_1_index_0121.png,1,१,110,0.14030612244897958,12,20,0.6,0.4583333333333333,0.524025974025974,0.4035714285714286,95.0,51.79898941516876,0.7450980392156863,0.4449291865348179,1.2804816462827147,0.8479531941397963,1,0.8928571428571429,0.8724489795918368,0.06084656084656084,0.042328042328042326
122,12,group_012_digit_2_index_0122.png,2,२,173,0.22066326530612246,17,20,0.85,0.5088235294117647,0.4438480594549959,0.4706853839801816,128.5,98.18376553058624,0.5421940928270043,0.1675072556808661,1.269419331539664,0.7129012883701581,0,0.7678571428571428,0.8188775510204082,0.06878306878306878,0.0873015873015873
123,12,group_012_digit_3_index_0123.png,3,३,112,0.14285714285714285,17,20,0.85,0.32941176470588235,0.40433673469387754,0.4990433673469388,70.5,93.01219248771667,0.334916864608076,0.10240454154142997,1.3545439004103519,0.8349003245726196,0,0.7959183673469388,0.8316326530612245,0.06613756613756613,0.08465608465608465
124,12,group_012_digit_4_index_0124.png,4,४,124,0.15816326530612246,17,20,0.85,0.36470588235294116,0.418778801843318,0.5118087557603687,95.0,70.4264065027237,0.4973821989528796,0.24069241863687074,-1.0018591769184013,0.8011938083178363,1,0.7397959183673469,0.75,0.07142857142857142,0.05555555555555555
125,12,group_012_digit_5_index_0125.png,5,५,131,0.16709183673469388,20,18,1.1111111111111112,0.3638888888888889,0.3958560523446019,0.522082878953108,102.0,90.08326029777527,0.4015748031496063,0.15795080519906457,-1.5170046431526745,0.5360798376614149,1,0.7882653061224489,0.8239795918367347,0.07936507936507936,0.08994708994708994
126,12,group_012_digit_6_index_0126.png,6,६,115,0.14668367346938777,13,20,0.65,0.4423076923076923,0.4571428571428572,0.43913043478260866,78.5,84.66904664039612,0.46865671641791046,0.1376037220585083,1.1861834777641576,0.8425141427567349,0,0.8545918367346939,0.8494897959183674,0.07142857142857142,0.07142857142857142
127,12,group_012_digit_7_index_0127.png,7,७,195,0.24872448979591838,19,20,0.95,0.5131578947368421,0.45,0.5379120879120879,160.0,93.59797859191895,0.5893186003683242,0.22950751341694914,0.5015546189234323,0.5786297375750692,1,0.7729591836734694,0.8545918367346939,0.09259259259259259,0.07407407407407407
128,12,group_012_digit_8_index_0128.png,8,८,129,0.16454081632653061,20,16,1.25,0.403125,0.521594684385382,0.4601328903654485,91.0,80.62741661071777,0.41647597254004576,0.17590807126146527,1.144170386277069,0.6280587938984498,0,0.8698979591836735,0.8954081632653061,0.042328042328042326,0.082010582010582
129,12,group_012_digit_9_index_0129.png,9,९,163,0.20790816326530612,15,20,0.75,0.5433333333333333,0.4629710780017528,0.4651621384750219,128.5,86.18376529216766,0.5574837310195228,0.2174012633349785,-1.5122809173923228,0.8055370302457613,1,0.8341836734693877,0.8647959183673469,0.06084656084656084,0.09259259259259259
130,13,group_013_digit_0_index_0130.png,0,०,173,0.22066326530612246,20,18,1.1111111111111112,0.48055555555555557,0.4876135425268373,0.495251857968621,230.5,58.5269113779068,0.9725738396624473,0.8456089716989967,-0.6530542785807917,0.6351654955161523,1,0.8596938775510204,0.8341836734693877,0.07142857142857142,0.08465608465608465
131,13,group_013_digit_1_index_0131.png,1,१,127,0.16198979591836735,17,20,0.85,0.3735294117647059,0.4912823397075366,0.4184476940382452,145.0,65.11269772052765,0.7379134860050891,0.42978028330546,0.5561980662930447,0.4526983980676586,1,0.8954081632653061,0.8341836734693877,0.07671957671957672,0.07407407407407407
132,13,group_013_digit_2_index_0132.png,2,२,120,0.15306122448979592,16,20,0.8,0.375,0.512797619047619,0.5419642857142858,81.0,87.59797894954681,0.3724137931034483,0.13264983384167042,-1.1708592214933362,0.8468407353808584,0,0.8367346938775511,0.8010204081632653,0.07142857142857142,0.07142857142857142
133,13,group_013_digit_3_index_0133.png,3,३,120,0.15306122448979592,15,20,0.75,0.4,0.4869047619047619,0.5020833333333333,83.5,97.49747359752655,0.41959798994974873,0.11038488642116534,-1.443254290904619,0.7286896278583871,1,0.8673469387755102,0.8214285714285714,0.082010582010582,0.09523809523809523
134,13,group_013_digit_4_index_0134.png,4,४,87,0.11096938775510204,11,20,0.55,0.39545454545454545,0.4330870279146141,0.493431855500821,77.5,65.35533845424652,0.5236486486486487,0.2280076562542383,1.4959032227405098,0.8850745607821988,1,0.8392857142857143,0.9311224489795918,0.082010582010582,0.05555555555555555
135,13,group_013_digit_5_index_0135.png,5,५,79,0.10076530612244898,11,20,0.55,0.35909090909090907,0.45072332730560577,0.5117540687160941,49.5,78.18376529216766,0.2911764705882353,0.10176112484665444,-1.4351770297679378,0.8561408777266971,1,0.9005102040816326,0.875,0.082010582010582,0.06349206349206349
136,13,group_013_digit_6_index_0136.png,6,६,115,0.14668367346938777,16,20,0.8,0.359375,0.45931677018633543,0.48602484472049684,71.5,97.84061932563782,0.3404761904761905,0.09385934510345376,0.9640402382339627,0.5796154913806304,0,0.875,0.8086734693877551,0.07142857142857142,0.0873015873015873
137,13,group_013_digit_7_index_0137.png,7,७,123,0.1568877551020408,20,15,1.3333333333333333,0.41,0.47067363530778167,0.5084204413472706,123.5,83.35533833503723,0.5811764705882353,0.22336235729395315,-0.010378099582230517,0.7255637094556687,1,0.9158163265306123,0.8903061224489796,0.08465608465608465,0.0873015873015873
138,13,group_013_digit_8_index_0138.png,8,८,126,0.16071428571428573,20,18,1.1111111111111112,0.35,0.3903061224489796,0.4512471655328798,78.5,100.04163014888763,0.28186714542190305,0.09856392762127135,-1.2204080438688782,0.5302272439013214,0,0.8163265306122449,0.846938775510204,0.05555555555555555,0.09523809523809523
139,13,group_013_digit_9_index_0139.png,9,९,27,0.03443877551020408,7,10,0.7,0.38571428571428573,0.25925925925925924,0.41534391534391535,18.5,33.21320307254791,0.4625,0.21074635439425757,1.2729344291267746,0.772570735350321,1,0.9311224489795918,0.9362244897959183,0.031746031746031744,0.042328042328042326
140,14,group_014_digit_0_index_0140.png,0,०,95,0.1211734693877551,12,20,0.6,0.3958333333333333,0.48458646616541357,0.47518796992481205,168.0,51.79898953437805,0.9627507163323782,0.7868221367768574,-1.4320656592962093,0.8099479802308024,1,0.951530612244898,0.951530612244898,0.08994708994708994,0.05291005291005291
141,14,group_014_digit_1_index_0141.png,1,१,107,0.1364795918367347,14,20,0.7,0.3821428571428571,0.49365821094793055,0.3901869158878505,121.0,57.79898953437805,0.7446153846153846,0.45515020470567336,1.2783105073286076,0.6893217517884546,1,0.8954081632653061,0.8239795918367347,0.06878306878306878,0.06084656084656084
142,14,group_014_digit_2_index_0142.png,2,२,96,0.12244897959183673,17,20,0.85,0.2823529411764706,0.4795386904761905,0.5018601190476191,83.0,91.74011409282684,0.3915094339622642,0.12392798962713576,-1.2769927036293083,0.6351988080389313,1,0.8316326530612245,0.7908163265306123,0.09259259259259259,0.09523809523809523
143,14,group_014_digit_3_index_0143.png,3,३,87,0.11096938775510204,12,20,0.6,0.3625,0.5135467980295566,0.5106732348111659,58.0,80.76955199241638,0.36942675159235666,0.11172297960751812,-1.4291137590619405,0.8529519180340023,1,0.8596938775510204,0.8545918367346939,0.07936507936507936,0.06878306878306878
144,14,group_014_digit_4_index_0144.png,4,४,99,0.12627551020408162,14,20,0.7,0.3535714285714286,0.47294372294372294,0.49747474747474746,99.0,68.42640602588654,0.528,0.2657036977837231,-1.3314022148158435,0.7827313102890758,1,0.9260204081632653,0.8392857142857143,0.082010582010582,0.06878306878306878
145,14,group_014_digit_5_index_0145.png,5,५,117,0.14923469387755103,14,20,0.7,0.41785714285714287,0.44139194139194143,0.5592185592185592,82.5,81.35533821582794,0.4319371727748691,0.15663604281871518,1.3692118535049418,0.7906903551109048,1,0.8443877551020408,0.8443877551020408,0.07936507936507936,0.06084656084656084
146,14,group_014_digit_6_index_0146.png,6,६,106,0.13520408163265307,14,20,0.7,0.37857142857142856,0.4804582210242588,0.4969676549865229,65.0,100.42640602588654,0.3299492385786802,0.08098925034222679,1.054990068295018,0.7612786560288539,1,0.8673469387755102,0.826530612244898,0.08994708994708994,0.08465608465608465
147,14,group_014_digit_7_index_0147.png,7,७,176,0.22448979591836735,18,20,0.9,0.4888888888888889,0.4833603896103896,0.5028409090909091,147.0,89.11269783973694,0.5384615384615384,0.23262051611748927,-0.3335739229543278,0.40868506946163585,1,0.7755102040816326,0.826530612244898,0.10846560846560846,0.05555555555555555
148,14,group_014_digit_8_index_0148.png,8,८,143,0.18239795918367346,20,19,1.0526315789473684,0.3763157894736842,0.46578421578421575,0.4330669330669331,100.5,88.38477599620819,0.375,0.16166685679180623,1.3443644736119746,0.7490368052388382,0,0.8443877551020408,0.9005102040816326,0.05026455026455026,0.082010582010582
149,14,group_014_digit_9_index_0149.png,9,९,64,0.08163265306122448,7,20,0.35,0.45714285714285713,0.45591517857142855,0.39955357142857145,46.5,50.870057106018066,0.5535714285714286,0.22580750210075473,-1.5443377771073636,0.9520901027720124,1,0.9336734693877551,0.8928571428571429,0.0582010582010582,0.042328042328042326
150,15,group_015_digit_0_index_0150.png,0,०,104,0.1326530612244898,14,20,0.7,0.37142857142857144,0.4677197802197802,0.5030906593406593,204.0,56.97056233882904,0.9622641509433962,0.7898398088808474,-1.419325202999842,0.6747264714398679,1,0.8724489795918368,0.9336734693877551,0.09523809523809523,0.06349206349206349
151,15,group_015_digit_1_index_0151.png,1,१,76,0.09693877551020408,10,20,0.5,0.38,0.5202067669172933,0.38627819548872183,68.0,51.31370830535889,0.6181818181818182,0.3245278514617927,1.257463167542971,0.8751279275214188,1,0.923469387755102,0.8928571428571429,0.06349206349206349,0.042328042328042326
152,15,group_015_digit_2_index_0152.png,2,२,99,0.12627551020408162,16,20,0.8,0.309375,0.4318181818181818,0.5252525252525253,74.0,95.25483310222626,0.334841628959276,0.10248670791128353,1.406285149283201,0.748477442986088,1,0.8545918367346939,0.8188775510204082,0.09788359788359788,0.082010582010582
153,15,group_015_digit_3_index_0153.png,3,३,129,0.16454081632653061,19,20,0.95,0.3394736842105263,0.41279069767441856,0.49806201550387597,91.5,104.66904675960541,0.35812133072407043,0.10495289440560192,1.2830572009885604,0.7024043572198948,1,0.8035714285714286,0.7525510204081632,0.082010582010582,0.10846560846560846
154,15,group_015_digit_4_index_0154.png,4,४,88,0.11224489795918367,12,20,0.6,0.36666666666666664,0.4805194805194805,0.547077922077922,95.5,66.18376541137695,0.5457142857142857,0.2739745937798657,-1.4267603831456248,0.8674329110519812,1,0.9438775510204082,0.8214285714285714,0.08465608465608465,0.07142857142857142
155,15,group_015_digit_5_index_0155.png,5,५,58,0.07397959183673469,14,20,0.7,0.20714285714285716,0.4070197044334975,0.5504926108374384,9.5,38.38477599620819,0.2638888888888889,0.08102432996069514,1.0196052508119078,0.8606057526569665,0,0.8826530612244898,0.9132653061224489,0.06349206349206349,0.07671957671957672
156,15,group_015_digit_6_index_0156.png,6,६,90,0.11479591836734694,14,20,0.7,0.32142857142857145,0.4412698412698413,0.5055555555555555,53.0,88.28427064418793,0.2994350282485876,0.08545137723078879,1.1947647208362944,0.8491333088607536,1,0.8418367346938775,0.8112244897959184,0.07936507936507936,0.07142857142857142
157,15,group_015_digit_7_index_0157.png,7,७,108,0.1377551020408163,13,20,0.65,0.4153846153846154,0.4527116402116402,0.5181878306878307,106.0,91.11269783973694,0.5478036175710594,0.16045672240831554,1.4147641466364669,0.7899771277975142,1,0.8010204081632653,0.8622448979591837,0.10846560846560846,0.07142857142857142
158,15,group_015_digit_8_index_0158.png,8,८,91,0.11607142857142858,16,20,0.8,0.284375,0.4427001569858713,0.46036106750392464,52.0,81.79898953437805,0.23690205011389523,0.09766013717288906,1.3548195198551487,0.8906456266440806,0,0.875,0.9005102040816326,0.0582010582010582,0.06613756613756613
159,15,group_015_digit_9_index_0159.png,9,९,55,0.07015306122448979,9,20,0.45,0.3055555555555556,0.44220779220779216,0.39675324675324675,33.5,58.18376553058624,0.34183673469387754,0.12435149823112933,-1.375789420898471,0.9344788055506484,1,0.9260204081632653,0.8852040816326531,0.05555555555555555,0.0582010582010582
160,16,group_016_digit_0_index_0160.png,0,०,120,0.15306122448979592,20,17,1.1764705882352942,0.35294117647058826,0.4773809523809524,0.4717261904761905,228.5,57.6984840631485,0.970276008492569,0.8625162035203466,-0.6701656762247847,0.5127296102789347,1,0.846938775510204,0.8418367346938775,0.07671957671957672,0.09523809523809523
161,16,group_016_digit_1_index_0161.png,1,१,121,0.15433673469387754,12,20,0.6,0.5041666666666667,0.5085596221959858,0.4256198347107438,117.5,55.21320307254791,0.7654723127035831,0.484352834474988,1.4097945229554287,0.7488273891777834,1,0.8903061224489796,0.8647959183673469,0.07407407407407407,0.047619047619047616
162,16,group_016_digit_2_index_0162.png,2,२,43,0.0548469387755102,12,20,0.6,0.17916666666666667,0.47674418604651164,0.42358803986710963,15.0,27.313708305358887,0.5263157894736842,0.2526619181694004,-0.8465567661938135,0.6511268231951065,0,0.9056122448979592,0.9260204081632653,0.06349206349206349,0.031746031746031744
163,16,group_016_digit_3_index_0163.png,3,३,138,0.1760204081632653,16,20,0.8,0.43125,0.5245859213250518,0.5315734989648033,113.5,79.35533833503723,0.5483091787439613,0.2264922939041635,-1.2093723402294947,0.7665724583969918,2,0.826530612244898,0.8316326530612245,0.082010582010582,0.07407407407407407
164,16,group_016_digit_4_index_0164.png,4,४,130,0.16581632653061223,14,20,0.7,0.4642857142857143,0.43159340659340656,0.4725274725274725,115.0,61.94112455844879,0.6628242074927954,0.3766600265804086,-1.3081243849061057,0.8744146218302967,1,0.8214285714285714,0.8622448979591837,0.07407407407407407,0.05291005291005291
165,16,group_016_digit_5_index_0165.png,5,५,117,0.14923469387755103,18,20,0.9,0.325,0.5115995115995117,0.5235042735042735,150.0,87.59797894954681,0.6134969325153374,0.24564784044753785,-1.281393661883122,0.5541335610755758,1,0.8443877551020408,0.8239795918367347,0.09523809523809523,0.10052910052910052
166,16,group_016_digit_6_index_0166.png,6,६,157,0.2002551020408163,16,20,0.8,0.490625,0.48635122838944495,0.5006824385805277,117.5,104.66904664039612,0.5222222222222223,0.1347755750901462,1.114893230346336,0.691453447126189,1,0.8443877551020408,0.8647959183673469,0.10052910052910052,0.08465608465608465
167,16,group_016_digit_7_index_0167.png,7,७,130,0.16581632653061223,20,18,1.1111111111111112,0.3611111111111111,0.5035714285714286,0.49532967032967035,130.0,94.42640614509583,0.4744525547445255,0.18321722231837548,-0.18527557574089276,0.5478831907317513,1,0.8673469387755102,0.8010204081632653,0.11375661375661375,0.07936507936507936
168,16,group_016_digit_8_index_0168.png,8,८,97,0.12372448979591837,20,12,1.6666666666666667,0.4041666666666667,0.510677466863034,0.4536082474226804,62.0,77.11269783973694,0.39490445859872614,0.1310236695849017,0.3709223104062048,0.708651286099273,0,0.9005102040816326,0.8801020408163265,0.037037037037037035,0.0873015873015873
169,16,group_016_digit_9_index_0169.png,9,९,11,0.01403061224489796,4,6,0.6666666666666666,0.4583333333333333,0.3603896103896104,0.4642857142857143,4.0,14.485281109809875,0.47058823529411764,0.23956093516976457,1.2139009025218057,0.924664904379558,0,0.9719387755102041,0.9770408163265306,0.015873015873015872,0.013227513227513227
170,17,group_017_digit_0_index_0170.png,0,०,26,0.03316326530612245,8,9,0.8888888888888888,0.3611111111111111,0.2733516483516484,0.34065934065934067,38.0,25.313708186149597,0.9382716049382716,0.7452155732579256,-0.9408184447893231,0.7489589408539448,1,0.9336734693877551,0.9336734693877551,0.03968253968253968,0.037037037037037035
171,17,group_017_digit_1_index_0171.png,1,१,89,0.11352040816326531,11,20,0.55,0.40454545454545454,0.49719101123595505,0.4281701444622793,93.5,51.21320307254791,0.7391304347826086,0.44797893876316813,-1.3552316295983882,0.760897123319875,1,0.875,0.8647959183673469,0.07407407407407407,0.047619047619047616
172,17,group_017_digit_2_index_0172.png,2,२,27,0.03443877551020408,10,14,0.7142857142857143,0.19285714285714287,0.4298941798941799,0.36507936507936506,5.5,18.727921843528748,0.4230769230769231,0.19705768523238198,-0.30112126460606176,0.6249263585686182,0,0.9311224489795918,0.951530612244898,0.05555555555555555,0.021164021164021163
173,17,group_017_digit_3_index_0173.png,3,३,93,0.11862244897959184,15,20,0.75,0.31,0.47465437788018433,0.4619815668202765,69.0,74.76955187320709,0.35751295336787564,0.1550991434138861,-1.2706574590641566,0.881466659514677,1,0.8392857142857143,0.8647959183673469,0.06349206349206349,0.082010582010582
174,17,group_017_digit_4_index_0174.png,4,४,97,0.12372448979591837,20,20,1.0,0.2425,0.4189985272459499,0.44182621502209135,67.0,69.59797859191895,0.3952802359882006,0.17381666563161788,-0.8650731744730513,0.879956298810376,0,0.7831632653061225,0.8188775510204082,0.06613756613756613,0.05291005291005291
175,17,group_017_digit_5_index_0175.png,5,५,95,0.1211734693877551,18,20,0.9,0.2638888888888889,0.4842105263157895,0.5255639097744361,60.5,79.8406195640564,0.2813953488372093,0.11926621637547995,-1.0831284905008263,0.7555641381219618,0,0.8341836734693877,0.8596938775510204,0.06084656084656084,0.07407407407407407
176,17,group_017_digit_6_index_0176.png,6,६,60,0.07653061224489796,10,20,0.5,0.3,0.43690476190476185,0.4333333333333333,32.0,61.455843567848206,0.2895927601809955,0.10647152477744669,-1.5106954948967932,0.9290744529166921,0,0.903061224489796,0.8928571428571429,0.05555555555555555,0.04497354497354497
177,17,group_017_digit_7_index_0177.png,7,७,127,0.16198979591836735,20,17,1.1764705882352942,0.3735294117647059,0.4575365579302587,0.49887514060742405,91.0,82.4264063835144,0.4145785876993166,0.16831333468114631,-0.1859583684076399,0.7213799152309524,0,0.778061224489796,0.8443877551020408,0.07407407407407407,0.06349206349206349
178,17,group_017_digit_8_index_0178.png,8,८,100,0.12755102040816327,20,14,1.4285714285714286,0.35714285714285715,0.4014285714285714,0.46642857142857147,68.0,70.28427052497864,0.4171779141104294,0.17298262904261646,-0.5962788821846294,0.8702285133672292,0,0.8163265306122449,0.7959183673469388,0.037037037037037035,0.07671957671957672
179,17,group_017_digit_9_index_0179.png,9,९,14,0.017857142857142856,9,10,0.9,0.15555555555555556,0.36224489795918363,0.5178571428571429,4.5,10.242640614509583,0.8181818181818182,0.5390120920947209,-0.947996633483063,0.9435571344531908,1,0.9642857142857143,0.9744897959183674,0.021164021164021163,0.023809523809523808
180,18,group_018_digit_0_index_0180.png,0,०,11,0.01403061224489796,4,5,0.8,0.55,0.5487012987012987,0.37012987012987014,1.0,20.485281229019165,0.09090909090909091,0.029945116227484494,1.5164657188746027,0.6152432842753534,0,0.9719387755102041,0.9719387755102041,0.018518518518518517,0.018518518518518517
181,18,group_018_digit_1_index_0181.png,1,१,23,0.029336734693877552,6,8,0.75,0.4791666666666667,0.7406832298136646,0.2748447204968944,15.5,21.071067690849304,0.6888888888888889,0.4387008517897798,-1.0662295449428236,0.6890753120504852,1,0.9413265306122449,0.9413265306122449,0.026455026455026454,0.021164021164021163
182,18,group_018_digit_2_index_0182.png,2,२,24,0.030612244897959183,5,7,0.7142857142857143,0.6857142857142857,0.4345238095238095,0.255952380952381,16.5,18.242640614509583,0.868421052631579,0.6230435483933648,-1.2447723721819486,0.8605366707161058,2,0.9540816326530612,0.9387755102040817,0.023809523809523808,0.018518518518518517
183,18,group_018_digit_3_index_0183.png,3,३,80,0.10204081632653061,11,20,0.55,0.36363636363636365,0.48348214285714286,0.4446428571428571,48.5,69.6984840631485,0.3895582329317269,0.12545990026833623,-1.3210476841721221,0.9212785842976772,0,0.846938775510204,0.8826530612244898,0.06613756613756613,0.047619047619047616
184,18,group_018_digit_4_index_0184.png,4,४,79,0.10076530612244898,11,20,0.55,0.35909090909090907,0.3960216998191682,0.4421338155515371,54.5,54.041630148887634,0.49321266968325794,0.23450358395309714,-1.2668469460315979,0.9501881294067313,0,0.8443877551020408,0.9158163265306123,0.06084656084656084,0.0291005291005291
185,18,group_018_digit_5_index_0185.png,5,५,131,0.16709183673469388,15,20,0.75,0.43666666666666665,0.42938931297709926,0.49972737186477645,97.0,80.08326005935669,0.46190476190476193,0.19006323185544532,-1.4576969314599066,0.6596449969991101,0,0.778061224489796,0.8239795918367347,0.07671957671957672,0.06084656084656084
186,18,group_018_digit_6_index_0186.png,6,६,111,0.14158163265306123,14,20,0.7,0.3964285714285714,0.4723294723294723,0.4572072072072072,79.5,73.0121922492981,0.47041420118343197,0.18740717552874336,1.5294642372607303,0.8203531889093628,0,0.8494897959183674,0.8035714285714286,0.05555555555555555,0.06878306878306878
187,18,group_018_digit_7_index_0187.png,7,७,142,0.18112244897959184,19,20,0.95,0.3736842105263158,0.45674044265593566,0.5508048289738431,110.5,92.66904628276825,0.431640625,0.16169729515670833,-0.04994132500693754,0.5717847354013151,1,0.7551020408163265,0.8061224489795918,0.09788359788359788,0.07407407407407407
188,18,group_018_digit_8_index_0188.png,8,८,20,0.025510204081632654,7,5,1.4,0.5714285714285714,0.2553571428571429,0.48928571428571427,8.0,24.485281229019165,0.4,0.16768324041155888,0.5858547735513033,0.5929463132979697,0,0.9489795918367347,0.9642857142857143,0.013227513227513227,0.0291005291005291
189,18,group_018_digit_9_index_0189.png,9,९,118,0.15051020408163265,19,20,0.95,0.3105263157894737,0.5363196125907991,0.4636803874092009,98.5,70.87005710601807,0.5025510204081632,0.24644529377742888,-1.1284134124055165,0.9204295218350422,1,0.7755102040816326,0.7908163265306123,0.06084656084656084,0.07407407407407407
190,19,group_019_digit_0_index_0190.png,0,०,177,0.22576530612244897,20,17,1.1764705882352942,0.5205882352941177,0.4703389830508474,0.47114608555286525,230.5,58.870057225227356,0.9505154639175257,0.8357798141467963,0.17199793454908716,0.5359864453885931,1,0.951530612244898,0.9413265306122449,0.06878306878306878,0.082010582010582
191,19,group_019_digit_1_index_0191.png,1,१,26,0.03316326530612245,6,10,0.6,0.43333333333333335,0.7335164835164836,0.5631868131868132,15.5,23.899494767189026,0.6326530612244898,0.3410076501007418,1.1223318989077908,0.9423860165615625,1,0.9336734693877551,0.9591836734693877,0.0291005291005291,0.018518518518518517
192,19,group_019_digit_2_index_0192.png,2,२,125,0.15943877551020408,16,20,0.8,0.390625,0.41428571428571426,0.512,92.5,74.04162991046906,0.505464480874317,0.21203114361103745,1.2947189827388166,0.893876866764354,1,0.8239795918367347,0.8801020408163265,0.0582010582010582,0.06613756613756613
193,19,group_019_digit_3_index_0193.png,3,३,121,0.15433673469387754,16,20,0.8,0.378125,0.40407319952774495,0.5301062573789846,85.5,76.87005722522736,0.49137931034482757,0.18182833838287932,1.2385756719142813,0.9213998587006786,0,0.7678571428571428,0.8494897959183674,0.05291005291005291,0.06878306878306878
194,19,group_019_digit_4_index_0194.png,4,४,161,0.20535714285714285,15,20,0.75,0.5366666666666666,0.49112688553682343,0.45896184560780834,132.0,66.76955199241638,0.6633165829145728,0.37207189892237225,1.3187583435610646,0.8426078472494708,0,0.8392857142857143,0.8647959183673469,0.06349206349206349,0.05026455026455026
195,19,group_019_digit_5_index_0195.png,5,५,142,0.18112244897959184,20,19,1.0526315789473684,0.3736842105263158,0.4154929577464789,0.5025150905432596,103.5,85.35533845424652,0.45098039215686275,0.17852080490177155,1.0366836829204376,0.7810134287843875,0,0.826530612244898,0.846938775510204,0.06613756613756613,0.07142857142857142
196,19,group_019_digit_6_index_0196.png,6,६,110,0.14030612244897958,14,20,0.7,0.39285714285714285,0.4172077922077922,0.4724025974025974,76.0,75.94112491607666,0.4676923076923077,0.16560345916423802,1.3227912304238596,0.8163614209903123,0,0.8316326530612245,0.8520408163265306,0.06084656084656084,0.06349206349206349
197,19,group_019_digit_7_index_0197.png,7,७,119,0.15178571428571427,20,13,1.5384615384615385,0.4576923076923077,0.4897959183673469,0.4654861944777911,96.5,68.5269113779068,0.5421348314606742,0.2582348557350542,-0.2827598333779174,0.8676121683023871,1,0.798469387755102,0.8341836734693877,0.06613756613756613,0.06613756613756613
198,19,group_019_digit_8_index_0198.png,8,८,13,0.016581632653061226,5,5,1.0,0.52,0.20054945054945053,0.5659340659340659,5.0,17.313708305358887,0.4166666666666667,0.20960405271633903,1.5359690399306125,0.528965548687942,0,0.9668367346938775,0.9668367346938775,0.013227513227513227,0.021164021164021163
199,19,group_019_digit_9_index_0199.png,9,९,18,0.02295918367346939,4,7,0.5714285714285714,0.6428571428571429,0.20238095238095238,0.5615079365079365,7.0,22.485281229019165,0.4,0.17398477926611977,1.5352930336804174,0.87611558009457,0,0.9540816326530612,0.9693877551020408,0.018518518518518517,0.021164021164021163
200,20,group_020_digit_0_index_0200.png,0,०,126,0.16071428571428573,13,20,0.65,0.4846153846153846,0.4512471655328798,0.4889455782312925,164.0,52.62741661071777,0.9398280802292264,0.7440970941377325,-1.4486978148177596,0.7761245729904097,1,0.8928571428571429,0.9336734693877551,0.082010582010582,0.05555555555555555
201,20,group_020_digit_1_index_0201.png,1,१,26,0.03316326530612245,4,9,0.4444444444444444,0.7222222222222222,0.7733516483516484,0.4793956043956044,17.5,20.242640614509583,0.875,0.5366777411466811,1.3979794240950567,0.8917176993278757,1,0.9336734693877551,0.9795918367346939,0.0291005291005291,0.013227513227513227
202,20,group_020_digit_2_index_0202.png,2,२,127,0.16198979591836735,14,20,0.7,0.45357142857142857,0.5258717660292463,0.5033745781777278,104.5,65.35533833503723,0.625748502994012,0.307442582780502,-1.1875295985287992,0.8623556814648362,1,0.8086734693877551,0.8392857142857143,0.06613756613756613,0.06084656084656084
203,20,group_020_digit_3_index_0203.png,3,३,89,0.11352040816326531,9,20,0.45,0.49444444444444446,0.4642857142857143,0.43820224719101125,59.5,65.69848418235779,0.5288888888888889,0.17322721801349739,-1.419714006670707,0.9112379304876635,0,0.9005102040816326,0.875,0.06349206349206349,0.04497354497354497
204,20,group_020_digit_4_index_0204.png,4,४,152,0.19387755102040816,15,20,0.75,0.5066666666666667,0.42974624060150374,0.5096334586466166,148.0,71.5979791879654,0.6519823788546255,0.36280231525240675,-1.3613829228863394,0.7435256135561203,1,0.8214285714285714,0.7959183673469388,0.082010582010582,0.07142857142857142
205,20,group_020_digit_5_index_0205.png,5,५,97,0.12372448979591837,10,20,0.5,0.485,0.47017673048600883,0.5025773195876289,71.5,69.69848418235779,0.539622641509434,0.18495634718558612,-1.4427527414800916,0.8704302188845325,1,0.8852040816326531,0.8852040816326531,0.082010582010582,0.04497354497354497
206,20,group_020_digit_6_index_0206.png,6,६,113,0.1441326530612245,13,20,0.65,0.4346153846153846,0.4529077117572693,0.4516434892541087,76.5,82.18376541137695,0.4766355140186916,0.14233091073631904,1.4184710677954058,0.746993397745687,0,0.8545918367346939,0.8596938775510204,0.07142857142857142,0.06349206349206349
207,20,group_020_digit_7_index_0207.png,7,७,194,0.24744897959183673,18,20,0.9,0.5388888888888889,0.47809278350515466,0.507179675994109,158.5,84.18376517295837,0.6365461847389559,0.28104925517661894,-0.6214900920157993,0.5062644390695451,1,0.8112244897959184,0.846938775510204,0.08994708994708994,0.05555555555555555
208,20,group_020_digit_8_index_0208.png,8,८,207,0.26403061224489793,20,17,1.1764705882352942,0.6088235294117647,0.44340924775707385,0.45376121463077984,168.0,84.28427064418793,0.6268656716417911,0.2971844488272836,-1.3305039338950555,0.5161150722768489,0,0.8903061224489796,0.8596938775510204,0.04497354497354497,0.0873015873015873
209,20,group_020_digit_9_index_0209.png,9,९,160,0.20408163265306123,13,20,0.65,0.6153846153846154,0.45915178571428567,0.4792410714285714,130.5,68.18376541137695,0.6814621409921671,0.3527430073646696,-1.5070528988637903,0.8559369387941053,0,0.8367346938775511,0.9081632653061225,0.05291005291005291,0.06349206349206349
210,21,group_021_digit_0_index_0210.png,0,०,115,0.14668367346938777,14,20,0.7,0.4107142857142857,0.4605590062111801,0.4888198757763975,168.0,52.28427052497864,0.9438202247191011,0.7722840040334601,-1.4825650404870383,0.7315620572239808,1,0.9260204081632653,0.9413265306122449,0.08465608465608465,0.06084656084656084
211,21,group_021_digit_1_index_0211.png,1,१,37,0.047193877551020405,20,18,1.1111111111111112,0.10277777777777777,0.6544401544401544,0.5492277992277993,28.0,26.485281229019165,0.8115942028985508,0.5016013744236013,0.4517113532178835,0.9219696624745061,1,0.9158163265306123,0.9158163265306123,0.05555555555555555,0.0291005291005291
212,21,group_021_digit_2_index_0212.png,2,२,109,0.13903061224489796,11,20,0.55,0.4954545454545455,0.49115334207077327,0.48394495412844035,77.0,72.7695517539978,0.5,0.18272635441496934,-1.5433754413568246,0.8374596403112117,0,0.9107142857142857,0.8545918367346939,0.06878306878306878,0.05291005291005291
213,21,group_021_digit_3_index_0213.png,3,३,123,0.1568877551020408,12,20,0.6,0.5125,0.5008710801393728,0.5110336817653891,85.0,85.5979790687561,0.5029585798816568,0.14578128269024557,-1.4508255649253925,0.8280457570677243,0,0.8801020408163265,0.875,0.07936507936507936,0.06084656084656084
214,21,group_021_digit_4_index_0214.png,4,४,103,0.13137755102040816,11,20,0.55,0.4681818181818182,0.48855755894590847,0.47850208044382797,73.0,73.94112467765808,0.49324324324324326,0.16778789281465978,1.4504143873931696,0.8675146855875472,1,0.9005102040816326,0.8545918367346939,0.082010582010582,0.05026455026455026
215,21,group_021_digit_5_index_0215.png,5,५,122,0.1556122448979592,12,20,0.6,0.5083333333333333,0.48448477751756436,0.5228337236533958,85.0,80.28427076339722,0.5167173252279635,0.16571730268198556,1.367951181764802,0.8279009626600354,0,0.9081632653061225,0.8214285714285714,0.07671957671957672,0.05026455026455026
216,21,group_021_digit_6_index_0216.png,6,६,128,0.16326530612244897,17,20,0.85,0.3764705882352941,0.4467075892857143,0.498046875,92.5,82.66904640197754,0.5068493150684932,0.1700848928416261,0.9395757747619009,0.8359817587458747,0,0.7755102040816326,0.7653061224489796,0.06878306878306878,0.07142857142857142
217,21,group_021_digit_7_index_0217.png,7,७,188,0.23979591836734693,20,18,1.1111111111111112,0.5222222222222223,0.4969604863221884,0.474354103343465,157.0,92.76955187320709,0.575091575091575,0.2292443279401528,-0.4981959049038127,0.6880163377215432,1,0.7602040816326531,0.7755102040816326,0.09259259259259259,0.07671957671957672
218,21,group_021_digit_8_index_0218.png,8,८,143,0.18239795918367346,20,15,1.3333333333333333,0.4766666666666667,0.5239760239760239,0.4138361638361638,107.0,77.4558436870575,0.5245098039215687,0.22412239977764428,0.859465846609402,0.586817057103484,0,0.8801020408163265,0.8443877551020408,0.042328042328042326,0.07936507936507936
219,21,group_021_digit_9_index_0219.png,9,९,131,0.16709183673469388,11,20,0.55,0.5954545454545455,0.468102508178844,0.48091603053435117,99.0,74.42640602588654,0.6055045871559633,0.22459028325868782,1.5330896077055594,0.8749405261667473,0,0.8903061224489796,0.8852040816326531,0.0582010582010582,0.06878306878306878
220,22,group_022_digit_0_index_0220.png,0,०,152,0.19387755102040816,20,16,1.25,0.475,0.47767857142857145,0.5148026315789473,212.5,58.041630148887634,0.9593679458239278,0.792664841315766,-0.39953152086144444,0.6813629891886759,1,0.8214285714285714,0.826530612244898,0.06613756613756613,0.08994708994708994
221,22,group_022_digit_1_index_0221.png,1,१,129,0.16454081632653061,15,20,0.75,0.43,0.5124584717607974,0.38842746400885936,126.5,59.21320295333862,0.7027777777777777,0.45338096497937425,0.87522935411826,0.7458828206023984,1,0.8903061224489796,0.7933673469387755,0.06349206349206349,0.06349206349206349
222,22,group_022_digit_2_index_0222.png,2,२,153,0.1951530612244898,20,18,1.1111111111111112,0.425,0.5105042016806723,0.45728291316526615,112.0,93.25483322143555,0.459958932238193,0.1618397456588925,0.8725318644913308,0.6841149350587294,0,0.8545918367346939,0.7576530612244898,0.06349206349206349,0.08994708994708994
223,22,group_022_digit_3_index_0223.png,3,३,153,0.1951530612244898,20,19,1.0526315789473684,0.4026315789473684,0.48902894491129784,0.4677871148459384,105.0,103.94112479686737,0.39622641509433965,0.12213055724223724,1.2229166464185157,0.7586320990453626,0,0.8647959183673469,0.7627551020408163,0.05555555555555555,0.10582010582010581
224,22,group_022_digit_4_index_0224.png,4,४,121,0.15433673469387754,20,14,1.4285714285714286,0.43214285714285716,0.505017709563164,0.48465171192443923,87.5,85.35533821582794,0.49157303370786515,0.15092338662965457,0.5013253162833822,0.8522540537785835,1,0.8392857142857143,0.7882653061224489,0.05555555555555555,0.09788359788359788
225,22,group_022_digit_5_index_0225.png,5,५,133,0.16964285714285715,16,20,0.8,0.415625,0.4610633727175081,0.4752953813104189,92.0,91.59797894954681,0.37474541751527496,0.13779260437417531,-1.1700924890611195,0.6051769394219677,0,0.8801020408163265,0.8494897959183674,0.07671957671957672,0.07142857142857142
226,22,group_022_digit_6_index_0226.png,6,६,159,0.20280612244897958,15,20,0.75,0.53,0.4568733153638814,0.4481132075471698,114.0,99.59797894954681,0.5170068027210885,0.1444154519819502,1.5321786473786547,0.6628886464077451,0,0.9056122448979592,0.798469387755102,0.06613756613756613,0.09259259259259259
227,22,group_022_digit_7_index_0227.png,7,७,125,0.15943877551020408,20,16,1.25,0.390625,0.4734285714285714,0.5622857142857143,94.0,77.94112467765808,0.4530120481927711,0.19444840316721881,0.3489920747943234,0.7958820463451257,1,0.8545918367346939,0.8188775510204082,0.06349206349206349,0.07671957671957672
228,22,group_022_digit_8_index_0228.png,8,८,85,0.10841836734693877,20,11,1.8181818181818181,0.38636363636363635,0.4819327731092437,0.43235294117647055,50.5,74.87005710601807,0.3568904593639576,0.11321003205958435,0.14328021319927023,0.6532782654550621,0,0.9413265306122449,0.8852040816326531,0.037037037037037035,0.082010582010582
229,22,group_022_digit_9_index_0229.png,9,९,182,0.23214285714285715,20,16,1.25,0.56875,0.4846938775510204,0.4813579277864992,140.5,91.35533845424652,0.6286353467561522,0.21155258012110872,0.8329442187670125,0.7209991150721671,0,0.826530612244898,0.8367346938775511,0.04497354497354497,0.10052910052910052
230,23,group_023_digit_0_index_0230.png,0,०,159,0.20280612244897958,18,20,0.9,0.44166666666666665,0.47124887690925427,0.4728212039532794,245.5,59.69848394393921,0.9646365422396856,0.8656348965791345,1.2293126952127758,0.5293278218672814,1,0.9209183673469388,0.9107142857142857,0.08465608465608465,0.07936507936507936
231,23,group_023_digit_1_index_0231.png,1,१,114,0.14540816326530612,11,20,0.55,0.5181818181818182,0.4987468671679198,0.4229323308270677,108.0,52.97056233882904,0.7854545454545454,0.4836870417998162,1.225999087597367,0.8417981590945077,1,0.9081632653061225,0.8622448979591837,0.06613756613756613,0.04497354497354497
232,23,group_023_digit_2_index_0232.png,2,२,156,0.1989795918367347,17,20,0.85,0.4588235294117647,0.43383699633699635,0.5251831501831502,150.0,63.455843567848206,0.7425742574257426,0.4681207361125756,-1.2994209780775416,0.7608097116177912,2,0.8520408163265306,0.8367346938775511,0.07936507936507936,0.06613756613756613
233,23,group_023_digit_3_index_0233.png,3,३,115,0.14668367346938777,11,20,0.55,0.5227272727272727,0.4562111801242236,0.5118012422360249,90.5,71.35533821582794,0.6013289036544851,0.22336005364966552,1.5460525279615618,0.8866552609372303,2,0.8698979591836735,0.8801020408163265,0.07407407407407407,0.06613756613756613
234,23,group_023_digit_4_index_0234.png,4,४,114,0.14540816326530612,16,20,0.8,0.35625,0.4718045112781955,0.5059523809523809,90.5,75.01219236850739,0.4641025641025641,0.2021132221727742,-1.2300131515623351,0.6917558230254014,1,0.8571428571428572,0.7806122448979592,0.07936507936507936,0.06613756613756613
235,23,group_023_digit_5_index_0235.png,5,५,117,0.14923469387755103,15,20,0.75,0.39,0.431013431013431,0.5,86.5,82.66904616355896,0.3967889908256881,0.15905236016931706,-1.3695197778091064,0.6864055716683372,1,0.8290816326530612,0.8596938775510204,0.082010582010582,0.07407407407407407
236,23,group_023_digit_6_index_0236.png,6,६,139,0.17729591836734693,16,20,0.8,0.434375,0.4758478931140802,0.5061664953751285,105.0,93.25483286380768,0.4827586206896552,0.1517247627189263,1.4140537430565872,0.5576807455342222,1,0.8290816326530612,0.8290816326530612,0.09788359788359788,0.07671957671957672
237,23,group_023_digit_7_index_0237.png,7,७,110,0.14030612244897958,12,20,0.6,0.4583333333333333,0.4740259740259741,0.5399350649350649,76.0,74.62741649150848,0.4735202492211838,0.1714851991019661,1.4337380491177811,0.6340160277268789,1,0.8826530612244898,0.903061224489796,0.082010582010582,0.03968253968253968
238,23,group_023_digit_8_index_0238.png,8,८,127,0.16198979591836735,20,18,1.1111111111111112,0.3527777777777778,0.49521934758155234,0.4190101237345332,89.0,82.28427064418793,0.3938053097345133,0.16518333218281983,1.374268373577419,0.6081587271009742,0,0.8596938775510204,0.8647959183673469,0.05291005291005291,0.07671957671957672
239,23,group_023_digit_9_index_0239.png,9,९,170,0.21683673469387754,16,20,0.8,0.53125,0.48403361344537815,0.4657563025210084,139.0,73.94112479686737,0.6967418546365914,0.31948653460322873,-1.1672257194154816,0.8533383857913355,1,0.8214285714285714,0.8673469387755102,0.05555555555555555,0.07407407407407407
240,24,group_024_digit_0_index_0240.png,0,०,138,0.1760204081632653,17,20,0.85,0.40588235294117647,0.4632505175983437,0.5041407867494824,215.5,57.69848430156708,0.9535398230088495,0.8134452530526569,-1.1363705865708664,0.6309043318420384,1,0.8571428571428572,0.8214285714285714,0.08465608465608465,0.07407407407407407
241,24,group_024_digit_1_index_0241.png,1,१,115,0.14668367346938777,13,20,0.65,0.4423076923076923,0.5015527950310559,0.41956521739130437,123.0,55.79898941516876,0.7735849056603774,0.4964349037193398,1.2198848868911407,0.6806773486337769,1,0.9056122448979592,0.8290816326530612,0.07142857142857142,0.05555555555555555
242,24,group_024_digit_2_index_0242.png,2,२,126,0.16071428571428573,15,20,0.75,0.42,0.4832766439909297,0.5087868480725624,88.5,86.66904664039612,0.46578947368421053,0.1480556877470353,-1.1521144419586493,0.8604130681751878,0,0.7857142857142857,0.8061224489795918,0.07671957671957672,0.06878306878306878
243,24,group_024_digit_3_index_0243.png,3,३,108,0.1377551020408163,14,20,0.7,0.38571428571428573,0.5383597883597884,0.5198412698412699,69.5,87.84061932563782,0.38082191780821917,0.11318891328883704,-1.2287905560938723,0.8758733320636587,0,0.8316326530612245,0.8316326530612245,0.06613756613756613,0.07936507936507936
244,24,group_024_digit_4_index_0244.png,4,४,130,0.16581632653061223,20,19,1.0526315789473684,0.34210526315789475,0.4225274725274725,0.4362637362637362,98.0,72.76955199241638,0.5254691689008043,0.23256081318605934,-0.8888723632159868,0.7965723466611776,0,0.7602040816326531,0.8520408163265306,0.06084656084656084,0.06084656084656084
245,24,group_024_digit_5_index_0245.png,5,५,118,0.15051020408163265,16,20,0.8,0.36875,0.44794188861985473,0.4960653753026634,85.5,81.01219236850739,0.42326732673267325,0.1637099998693513,-1.033166234761171,0.8343695014822764,1,0.8571428571428572,0.8673469387755102,0.07142857142857142,0.07407407407407407
246,24,group_024_digit_6_index_0246.png,6,६,133,0.16964285714285715,20,18,1.1111111111111112,0.36944444444444446,0.46160042964554243,0.530343716433942,89.0,99.25483286380768,0.36853002070393376,0.11352631624510967,0.5412465228932537,0.70798182318689,0,0.8239795918367347,0.798469387755102,0.07671957671957672,0.08465608465608465
247,24,group_024_digit_7_index_0247.png,7,७,149,0.19005102040816327,20,16,1.25,0.465625,0.4990412272291467,0.5143815915627996,109.0,87.11269772052765,0.42998027613412226,0.18049843280724678,-0.09822852705938882,0.7540551469474351,0,0.9158163265306123,0.8903061224489796,0.07407407407407407,0.06349206349206349
248,24,group_024_digit_8_index_0248.png,8,८,142,0.18112244897959184,20,14,1.4285714285714286,0.5071428571428571,0.4386317907444668,0.4574949698189135,98.5,93.69848430156708,0.43680709534368073,0.14098761477666433,-0.5663394444276751,0.46618798356518365,0,0.903061224489796,0.8724489795918368,0.03968253968253968,0.10582010582010581
249,24,group_024_digit_9_index_0249.png,9,९,107,0.1364795918367347,14,20,0.7,0.3821428571428571,0.49933244325767695,0.4566088117489987,85.0,70.76955187320709,0.5089820359281437,0.21327301011661143,-1.287672689106872,0.8930446313061787,1,0.8341836734693877,0.8494897959183674,0.06349206349206349,0.07936507936507936
250,25,group_025_digit_0_index_0250.png,0,०,170,0.21683673469387754,20,18,1.1111111111111112,0.4722222222222222,0.46491596638655464,0.4792016806722689,240.5,60.52691113948822,0.9600798403193613,0.8249505612463169,-0.63862057171201,0.6280582739030163,1,0.8112244897959184,0.8163265306122449,0.07671957671957672,0.0873015873015873
251,25,group_025_digit_1_index_0251.png,1,१,105,0.13392857142857142,11,20,0.55,0.4772727272727273,0.5115646258503401,0.40408163265306124,96.5,52.38477599620819,0.7366412213740458,0.44190304592967034,1.2676951982426734,0.8348336194032538,1,0.9005102040816326,0.8698979591836735,0.06349206349206349,0.04497354497354497
252,25,group_025_digit_2_index_0252.png,2,२,92,0.11734693877551021,12,20,0.6,0.38333333333333336,0.5,0.4518633540372671,56.5,78.5269113779068,0.3575949367088608,0.11513868885955286,1.5001615330401972,0.7806566931534428,0,0.8979591836734694,0.8112244897959184,0.06349206349206349,0.06349206349206349
253,25,group_025_digit_3_index_0253.png,3,३,90,0.11479591836734694,11,20,0.55,0.4090909090909091,0.4801587301587302,0.4496031746031746,53.0,82.76955199241638,0.33544303797468356,0.09721751698258578,1.499424702583116,0.860785196511289,0,0.8877551020408163,0.8877551020408163,0.06084656084656084,0.07407407407407407
254,25,group_025_digit_4_index_0254.png,4,४,115,0.14668367346938777,17,20,0.85,0.3382352941176471,0.443167701863354,0.47267080745341616,89.5,76.66904664039612,0.4398034398034398,0.1913342742676463,-1.0746532674107354,0.7310723211543967,1,0.8443877551020408,0.7882653061224489,0.08465608465608465,0.06613756613756613
255,25,group_025_digit_5_index_0255.png,5,५,113,0.1441326530612245,13,20,0.65,0.4346153846153846,0.4279393173198483,0.5395069532237674,88.0,71.94112467765808,0.5349544072948328,0.21366731381794496,1.2005518683170522,0.7566514181348423,2,0.8545918367346939,0.8596938775510204,0.082010582010582,0.0582010582010582
256,25,group_025_digit_6_index_0256.png,6,६,131,0.16709183673469388,16,20,0.8,0.409375,0.4653762268266085,0.5261723009814613,85.0,104.0832599401474,0.35639412997903563,0.0985977529745831,1.2947867651422642,0.670827173715496,0,0.8698979591836735,0.8494897959183674,0.07407407407407407,0.09523809523809523
257,25,group_025_digit_7_index_0257.png,7,७,126,0.16071428571428573,17,20,0.85,0.37058823529411766,0.4418934240362812,0.5552721088435374,89.5,82.52691125869751,0.4068181818181818,0.16513598347955513,0.6866532073168833,0.6152382742063492,1,0.8061224489795918,0.8571428571428572,0.07936507936507936,0.0582010582010582
258,25,group_025_digit_8_index_0258.png,8,८,114,0.14540816326530612,20,11,1.8181818181818181,0.5181818181818182,0.5219298245614035,0.4298245614035087,83.5,66.04163014888763,0.6094890510948905,0.24058069220184744,0.2964915544354133,0.7989104308596781,0,0.9183673469387755,0.8775510204081632,0.031746031746031744,0.07407407407407407
259,25,group_025_digit_9_index_0259.png,9,९,136,0.17346938775510204,15,20,0.75,0.4533333333333333,0.44406512605042014,0.42043067226890757,101.0,78.76955187320709,0.517948717948718,0.20455706714609412,-1.4350681557753442,0.8249196053396904,0,0.8520408163265306,0.826530612244898,0.05555555555555555,0.07407407407407407
260,26,group_026_digit_0_index_0260.png,0,०,154,0.19642857142857142,18,20,0.9,0.42777777777777776,0.4853896103896104,0.4559369202226345,247.0,61.455843687057495,0.9592233009708738,0.82182707868763,-1.083780943113132,0.4788394769364501,1,0.8520408163265306,0.826530612244898,0.08994708994708994,0.07936507936507936
261,26,group_026_digit_1_index_0261.png,1,१,114,0.14540816326530612,11,20,0.55,0.5181818181818182,0.4859022556390977,0.4326441102756892,109.5,51.55634891986847,0.7877697841726619,0.5176779592327643,1.3367481473269582,0.8301837966180342,1,0.8775510204081632,0.8979591836734694,0.06878306878306878,0.03968253968253968
262,26,group_026_digit_2_index_0262.png,2,२,109,0.13903061224489796,14,20,0.7,0.3892857142857143,0.4855832241153342,0.4711664482306684,82.5,79.01219248771667,0.4520547945205479,0.16606403510209916,1.4079203562855418,0.7075519531528358,1,0.8698979591836735,0.8341836734693877,0.07407407407407407,0.07671957671957672
263,26,group_026_digit_3_index_0263.png,3,३,107,0.1364795918367347,15,20,0.75,0.3566666666666667,0.48664886515353806,0.4569425901201602,99.0,81.59797883033752,0.5025380710659898,0.18684705438903218,1.4265308598003634,0.7604791038103595,2,0.8494897959183674,0.8086734693877551,0.08465608465608465,0.09259259259259259
264,26,group_026_digit_4_index_0264.png,4,४,113,0.1441326530612245,15,20,0.75,0.37666666666666665,0.5110619469026548,0.5116940581542352,102.0,71.59797883033752,0.49635036496350365,0.25003943598263256,1.55798218682314,0.7875566736558857,1,0.8647959183673469,0.8903061224489796,0.082010582010582,0.06613756613756613
265,26,group_026_digit_5_index_0265.png,5,५,125,0.15943877551020408,14,20,0.7,0.44642857142857145,0.4785714285714286,0.4917142857142857,104.0,75.4558435678482,0.4964200477326969,0.22953950771279721,1.276068982482493,0.658503026989473,2,0.8596938775510204,0.875,0.0873015873015873,0.06349206349206349
266,26,group_026_digit_6_index_0266.png,6,६,144,0.1836734693877551,20,20,1.0,0.36,0.4662698412698413,0.5086805555555556,89.0,123.74011409282684,0.31616341030195383,0.07304304109236505,0.7665974702067001,0.7353688494133196,0,0.8163265306122449,0.7653061224489796,0.07936507936507936,0.11904761904761904
267,26,group_026_digit_7_index_0267.png,7,७,103,0.13137755102040816,20,13,1.5384615384615385,0.39615384615384613,0.5461165048543689,0.4719140083217753,73.5,77.35533821582794,0.3951612903225806,0.15435355076813026,-0.1423048763511952,0.8083913818720768,1,0.8852040816326531,0.8341836734693877,0.06349206349206349,0.07671957671957672
268,26,group_026_digit_8_index_0268.png,8,८,136,0.17346938775510204,20,15,1.3333333333333333,0.4533333333333333,0.4540441176470588,0.43539915966386555,93.5,94.18376553058624,0.4230769230769231,0.13245531054977547,0.3099117246265014,0.5011809406617727,0,0.8877551020408163,0.8316326530612245,0.05555555555555555,0.09523809523809523
269,26,group_026_digit_9_index_0269.png,9,९,168,0.21428571428571427,18,20,0.9,0.4666666666666667,0.5361394557823129,0.4608843537414966,134.5,95.01219248771667,0.51434034416826,0.18722915123151,1.5383080501537196,0.6833544491391511,2,0.7908163265306123,0.7908163265306123,0.06613756613756613,0.10846560846560846
270,27,group_027_digit_0_index_0270.png,0,०,173,0.22066326530612246,20,17,1.1764705882352942,0.5088235294117647,0.4655243600330306,0.4603633360858795,241.5,58.870057106018066,0.971830985915493,0.8756651884333579,-0.12450239570822438,0.46076702734269676,1,0.9260204081632653,0.9209183673469388,0.07142857142857142,0.08465608465608465
271,27,group_027_digit_1_index_0271.png,1,१,103,0.13137755102040816,12,20,0.6,0.42916666666666664,0.5256588072122053,0.39909847434119283,97.0,56.62741661071777,0.6903914590747331,0.38012645883445906,1.1271519349279797,0.8425078298704728,1,0.9158163265306123,0.8341836734693877,0.06878306878306878,0.05291005291005291
272,27,group_027_digit_2_index_0272.png,2,२,112,0.14285714285714285,14,20,0.7,0.4,0.5051020408163265,0.4897959183673469,76.0,79.94112491607666,0.37438423645320196,0.1494455355661947,-1.5177816395160846,0.8340737345836465,0,0.8826530612244898,0.8214285714285714,0.06084656084656084,0.06878306878306878
273,27,group_027_digit_3_index_0273.png,3,३,130,0.16581632653061223,15,20,0.75,0.43333333333333335,0.4928571428571429,0.48131868131868133,88.5,93.01219260692596,0.4059633027522936,0.1285503816054728,1.3671541627510688,0.8132449513241801,0,0.8673469387755102,0.7908163265306123,0.06349206349206349,0.0873015873015873
274,27,group_027_digit_4_index_0274.png,4,४,156,0.1989795918367347,18,20,0.9,0.43333333333333335,0.4608516483516483,0.4734432234432235,124.0,88.91168749332428,0.5020242914979757,0.19711235341428807,-1.2902248322843477,0.5663776718048165,1,0.826530612244898,0.7091836734693877,0.08994708994708994,0.07407407407407407
275,27,group_027_digit_5_index_0275.png,5,५,144,0.1836734693877551,17,20,0.85,0.4235294117647059,0.42336309523809523,0.5064484126984127,107.5,92.5269113779068,0.4352226720647773,0.1577909887831608,-1.4658429780143905,0.7258254977311012,1,0.7806122448979592,0.8673469387755102,0.07671957671957672,0.082010582010582
276,27,group_027_digit_6_index_0276.png,6,६,100,0.12755102040816327,12,20,0.6,0.4166666666666667,0.4825,0.47428571428571425,79.5,61.35533833503723,0.5658362989323843,0.26538250066326186,1.2529566854469358,0.8780991131591929,1,0.8979591836734694,0.8214285714285714,0.06084656084656084,0.06084656084656084
277,27,group_027_digit_7_index_0277.png,7,७,110,0.14030612244897958,20,12,1.6666666666666667,0.4583333333333333,0.4915584415584416,0.5032467532467533,75.5,74.87005710601807,0.4037433155080214,0.16925460238611126,-0.028603757308523915,0.8518214753340436,0,0.9132653061224489,0.9336734693877551,0.0582010582010582,0.06084656084656084
278,27,group_027_digit_8_index_0278.png,8,८,164,0.20918367346938777,20,16,1.25,0.5125,0.45317944250871084,0.443815331010453,124.5,86.52691125869751,0.5010060362173038,0.20896656960275908,0.9204274930725185,0.3561420842062224,0,0.8622448979591837,0.9081632653061225,0.05026455026455026,0.0873015873015873
279,27,group_027_digit_9_index_0279.png,9,९,131,0.16709183673469388,15,20,0.75,0.43666666666666665,0.46946564885496184,0.4378407851690294,108.0,81.94112479686737,0.5242718446601942,0.20212953512364304,-1.3161331552647872,0.8302366348201025,1,0.8443877551020408,0.8086734693877551,0.06349206349206349,0.09259259259259259
280,28,group_028_digit_0_index_0280.png,0,०,120,0.15306122448979592,18,20,0.9,0.3333333333333333,0.4955357142857143,0.47767857142857145,255.5,60.87005698680878,0.9641509433962264,0.8665494517155052,-1.382027287683852,0.4611723822368298,1,0.9540816326530612,0.9540816326530612,0.09523809523809523,0.07936507936507936
281,28,group_028_digit_1_index_0281.png,1,१,73,0.09311224489795919,8,20,0.4,0.45625,0.5034246575342466,0.42661448140900193,61.0,48.14213526248932,0.6815642458100558,0.3307417359360548,1.4383711674649076,0.943675662398087,1,0.9005102040816326,0.9158163265306123,0.06349206349206349,0.03439153439153439
282,28,group_028_digit_2_index_0282.png,2,२,89,0.11352040816326531,10,20,0.5,0.445,0.47070626003210275,0.44863563402889245,64.5,67.35533833503723,0.4867924528301887,0.17865926157844925,1.4960769871549433,0.912252760034613,1,0.875,0.8903061224489796,0.07407407407407407,0.05291005291005291
283,28,group_028_digit_3_index_0283.png,3,३,82,0.10459183673469388,11,20,0.55,0.37272727272727274,0.4912891986062718,0.5304878048780488,49.0,79.25483298301697,0.3234323432343234,0.09802896872657713,-1.42306907679368,0.9036590098666577,1,0.8826530612244898,0.8775510204081632,0.07142857142857142,0.06878306878306878
284,28,group_028_digit_4_index_0284.png,4,४,82,0.10459183673469388,12,20,0.6,0.3416666666666667,0.4634146341463415,0.5135017421602788,76.0,59.94112455844879,0.5205479452054794,0.265811449243783,-1.3116865394143749,0.9032990163691433,1,0.8418367346938775,0.8979591836734694,0.07671957671957672,0.05291005291005291
285,28,group_028_digit_5_index_0285.png,5,५,86,0.1096938775510204,10,20,0.5,0.43,0.5037375415282391,0.5116279069767442,58.0,74.28427076339722,0.4084507042253521,0.13208214978930344,-1.3777252109850162,0.8977664055700583,1,0.8826530612244898,0.8520408163265306,0.07936507936507936,0.05555555555555555
286,28,group_028_digit_6_index_0286.png,6,६,99,0.12627551020408162,12,20,0.6,0.4125,0.46825396825396826,0.4588744588744588,59.5,89.8406194448471,0.35735735735735735,0.09263633281711187,1.4456397368393292,0.8147722206416557,0,0.875,0.8392857142857143,0.06878306878306878,0.07936507936507936
287,28,group_028_digit_7_index_0287.png,7,७,106,0.13520408163265307,20,18,1.1111111111111112,0.29444444444444445,0.46563342318059303,0.5764824797843665,80.0,76.76955199241638,0.3755868544600939,0.17057753675935822,0.40529260030835623,0.832305631443442,1,0.8622448979591837,0.7857142857142857,0.07936507936507936,0.06613756613756613
288,28,group_028_digit_8_index_0288.png,8,८,121,0.15433673469387754,16,20,0.8,0.378125,0.461629279811098,0.44539551357733176,82.5,83.69848430156708,0.35106382978723405,0.14798872405365407,1.484857392432001,0.8251559939443501,0,0.8392857142857143,0.8801020408163265,0.0582010582010582,0.07407407407407407
289,28,group_028_digit_9_index_0289.png,9,९,78,0.09948979591836735,12,20,0.6,0.325,0.5206043956043956,0.4917582417582418,50.0,63.94112479686737,0.36496350364963503,0.1536806981820091,-1.3751430322290745,0.9386027991912221,0,0.8775510204081632,0.8724489795918368,0.0582010582010582,0.05026455026455026
290,29,group_029_digit_0_index_0290.png,0,०,176,0.22448979591836735,18,20,0.9,0.4888888888888889,0.476663961038961,0.49391233766233766,242.5,59.69848418235779,0.97,0.8550568665733121,-1.0357549629578389,0.4724086847504146,1,0.8979591836734694,0.8928571428571429,0.0873015873015873,0.07407407407407407
291,29,group_029_digit_1_index_0291.png,1,१,172,0.2193877551020408,18,20,0.9,0.4777777777777778,0.501453488372093,0.4449750830564784,186.0,60.28427064418793,0.8454545454545455,0.6431537206802942,1.0839097857976328,0.4865513913268282,1,0.8826530612244898,0.8418367346938775,0.07142857142857142,0.06878306878306878
292,29,group_029_digit_2_index_0292.png,2,२,188,0.23979591836734693,19,20,0.95,0.49473684210526314,0.5210866261398176,0.4836626139817629,172.0,74.76955199241638,0.7006109979633401,0.3866239504655502,-1.0336674364999476,0.747009701799818,1,0.7040816326530612,0.8010204081632653,0.06613756613756613,0.08465608465608465
293,29,group_029_digit_3_index_0293.png,3,३,159,0.20280612244897958,16,20,0.8,0.496875,0.5121293800539084,0.5051662174303684,115.5,98.66904628276825,0.48125,0.14908363984909997,-1.2928152051631483,0.8112735106872677,0,0.8239795918367347,0.875,0.06878306878306878,0.09259259259259259
294,29,group_029_digit_4_index_0294.png,4,४,145,0.18494897959183673,20,19,1.0526315789473684,0.3815789473684211,0.5096059113300493,0.45369458128078816,123.5,74.18376529216766,0.5464601769911505,0.28200647248657024,1.0714933995631408,0.6875441137547522,1,0.8239795918367347,0.8239795918367347,0.07142857142857142,0.07407407407407407
295,29,group_029_digit_5_index_0295.png,5,५,104,0.1326530612244898,12,20,0.6,0.43333333333333335,0.47046703296703296,0.5109890109890111,84.0,69.11269760131836,0.509090909090909,0.2209904268643405,-1.5331719850176935,0.8217773168837536,1,0.8928571428571429,0.8622448979591837,0.07142857142857142,0.06084656084656084
296,29,group_029_digit_6_index_0296.png,6,६,152,0.19387755102040816,18,20,0.9,0.4222222222222222,0.47344924812030076,0.5448778195488722,108.0,100.9116872549057,0.4576271186440678,0.13327561158792553,1.3185926356990694,0.6324891889166454,0,0.8112244897959184,0.7397959183673469,0.07407407407407407,0.09259259259259259
297,29,group_029_digit_7_index_0297.png,7,७,155,0.19770408163265307,20,18,1.1111111111111112,0.4305555555555556,0.49792626728110595,0.4774193548387097,118.0,97.740114569664,0.4636542239685658,0.1552194655679477,-0.4029473233926227,0.6614311560406287,1,0.8086734693877551,0.8137755102040816,0.08994708994708994,0.0873015873015873
298,29,group_029_digit_8_index_0298.png,8,८,158,0.20153061224489796,20,17,1.1764705882352942,0.4647058823529412,0.40257685352622063,0.46496383363471966,115.0,93.11269783973694,0.42830540037243947,0.16668245342808818,1.2146286903784718,0.5766470522084047,0,0.846938775510204,0.8163265306122449,0.047619047619047616,0.09788359788359788
299,29,group_029_digit_9_index_0299.png,9,९,119,0.15178571428571427,13,20,0.65,0.4576923076923077,0.4861944777911164,0.4879951980792317,98.5,79.01219236850739,0.5518207282913166,0.19827039402320965,-1.3124066071985743,0.8432618465874082,1,0.8341836734693877,0.8392857142857143,0.07407407407407407,0.07936507936507936
300,30,group_030_digit_0_index_0300.png,0,०,179,0.22831632653061223,16,20,0.8,0.559375,0.4866320830007981,0.47067039106145253,231.0,57.455843448638916,0.9767441860465116,0.8793331278672551,1.5163901570973826,0.592921970278866,1,0.9770408163265306,0.9464285714285714,0.082010582010582,0.06349206349206349
301,30,group_030_digit_1_index_0301.png,1,१,95,0.1211734693877551,11,20,0.55,0.4318181818181818,0.4736842105263158,0.4281954887218045,76.5,50.38477599620819,0.7149532710280374,0.37868023242020543,1.1314035819391193,0.9187132211177981,1,0.8392857142857143,0.8290816326530612,0.06084656084656084,0.03439153439153439
302,30,group_030_digit_2_index_0302.png,2,२,118,0.15051020408163265,17,20,0.85,0.34705882352941175,0.38952784503631965,0.5254237288135594,87.5,69.35533821582794,0.4742547425474255,0.22859047452095865,1.1452633959819831,0.8431831395861096,0,0.7806122448979592,0.8826530612244898,0.06084656084656084,0.05555555555555555
303,30,group_030_digit_3_index_0303.png,3,३,109,0.13903061224489796,11,20,0.55,0.4954545454545455,0.4757536041939711,0.5111402359108781,78.0,68.28427052497864,0.4984025559105431,0.21021471738489542,1.4515282365561286,0.9236979994582971,0,0.8954081632653061,0.8852040816326531,0.05555555555555555,0.05555555555555555
304,30,group_030_digit_4_index_0304.png,4,४,141,0.1798469387755102,20,20,1.0,0.3525,0.4936676798378926,0.4262917933130699,109.5,75.49747371673584,0.48775055679287305,0.2414121612091589,1.2065279161862061,0.5327354236108736,0,0.7576530612244898,0.8392857142857143,0.06613756613756613,0.06613756613756613
305,30,group_030_digit_5_index_0305.png,5,५,102,0.13010204081632654,15,20,0.75,0.34,0.5045518207282913,0.4562324929971989,72.0,67.94112503528595,0.5034965034965035,0.19600939686724242,1.085529008793479,0.9246183403421453,0,0.8214285714285714,0.846938775510204,0.06084656084656084,0.05291005291005291
306,30,group_030_digit_6_index_0306.png,6,६,76,0.09693877551020408,9,20,0.45,0.4222222222222222,0.44360902255639095,0.4666353383458647,48.5,62.52691113948822,0.48258706467661694,0.15588978315191562,1.4693443489219398,0.9254124880033928,0,0.903061224489796,0.9132653061224489,0.05291005291005291,0.05291005291005291
307,30,group_030_digit_7_index_0307.png,7,७,94,0.11989795918367346,20,10,2.0,0.47,0.5630699088145896,0.5022796352583587,72.5,56.870057225227356,0.562015503875969,0.28169590912616604,-0.10918875384433908,0.893137204407506,1,0.8928571428571429,0.8979591836734694,0.04497354497354497,0.06349206349206349
308,30,group_030_digit_8_index_0308.png,8,८,101,0.1288265306122449,20,14,1.4285714285714286,0.3607142857142857,0.44519094766619516,0.48762376237623767,66.0,76.28427076339722,0.37606837606837606,0.14252262138633004,0.7675890818463853,0.8173116205410713,0,0.8494897959183674,0.9056122448979592,0.04497354497354497,0.07671957671957672
309,30,group_030_digit_9_index_0309.png,9,९,68,0.08673469387755102,20,15,1.3333333333333333,0.22666666666666666,0.33560924369747897,0.4721638655462185,42.0,50.28427064418793,0.49122807017543857,0.20873479224039532,1.1836106404395812,0.6303096355449871,0,0.8367346938775511,0.8979591836734694,0.04497354497354497,0.05291005291005291
310,31,group_031_digit_0_index_0310.png,0,०,143,0.18239795918367346,13,20,0.65,0.55,0.4647852147852148,0.4752747252747253,189.5,54.38477599620819,0.9643765903307888,0.8051269985136579,-1.5086321577321773,0.7681052936365355,1,0.8903061224489796,0.9209183673469388,0.0873015873015873,0.05291005291005291
311,31,group_031_digit_1_index_0311.png,1,१,96,0.12244897959183673,10,20,0.5,0.48,0.5052083333333334,0.40476190476190477,82.5,50.72792184352875,0.7142857142857143,0.4028743988131026,1.51507908269853,0.9125123319188978,1,0.8877551020408163,0.8826530612244898,0.06613756613756613,0.03439153439153439
312,31,group_031_digit_2_index_0312.png,2,२,108,0.1377551020408163,15,20,0.75,0.36,0.48743386243386244,0.5095899470899471,75.5,75.01219236850739,0.4265536723163842,0.16861379308336408,-1.0599481988189263,0.9191946498384055,0,0.7959183673469388,0.7806122448979592,0.06613756613756613,0.06084656084656084
313,31,group_031_digit_3_index_0313.png,3,३,134,0.17091836734693877,15,20,0.75,0.44666666666666666,0.5151918976545843,0.5365138592750534,93.0,92.42640626430511,0.4246575342465753,0.1368045930159458,-1.3355063406664163,0.8209474285650603,0,0.8418367346938775,0.8571428571428572,0.06349206349206349,0.0873015873015873
314,31,group_031_digit_4_index_0314.png,4,४,106,0.13520408163265307,13,20,0.65,0.4076923076923077,0.4555256064690027,0.5431266846361186,87.5,75.0121921300888,0.44080604534005036,0.19541333759709476,-1.2454883038467324,0.7345481509953969,1,0.8928571428571429,0.7857142857142857,0.082010582010582,0.06878306878306878
315,31,group_031_digit_5_index_0315.png,5,५,137,0.1747448979591837,18,20,0.9,0.38055555555555554,0.4595933263816475,0.5190302398331595,125.0,86.08326005935669,0.4892367906066536,0.21197393669313555,-1.0014837151114901,0.6871531601398138,1,0.7576530612244898,0.8545918367346939,0.08465608465608465,0.09259259259259259
316,31,group_031_digit_6_index_0316.png,6,६,105,0.13392857142857142,14,20,0.7,0.375,0.4465986394557823,0.5122448979591837,66.5,87.01219260692596,0.382183908045977,0.11037514428277057,1.1803611099223523,0.850371891234405,0,0.8647959183673469,0.8137755102040816,0.06878306878306878,0.07407407407407407
317,31,group_031_digit_7_index_0317.png,7,७,163,0.20790816326530612,20,19,1.0526315789473684,0.42894736842105263,0.4631901840490798,0.5043821209465381,149.5,91.35533845424652,0.5506445672191529,0.22510399094737193,0.11807228776607863,0.6095484101359087,1,0.798469387755102,0.8545918367346939,0.10317460317460317,0.07407407407407407
318,31,group_031_digit_8_index_0318.png,8,८,106,0.13520408163265307,20,16,1.25,0.33125,0.4720350404312668,0.45350404312668463,68.5,79.21320295333862,0.3254156769596199,0.13718457659075065,1.0647352510560764,0.7139890676801807,0,0.8367346938775511,0.903061224489796,0.04497354497354497,0.07671957671957672
319,31,group_031_digit_9_index_0319.png,9,९,95,0.1211734693877551,13,20,0.65,0.36538461538461536,0.47293233082706765,0.45789473684210524,78.5,65.35533833503723,0.5032051282051282,0.2309496913709991,-1.3850318857004857,0.9011188740565275,1,0.8954081632653061,0.8545918367346939,0.06349206349206349,0.06878306878306878
320,32,group_032_digit_0_index_0320.png,0,०,125,0.15943877551020408,13,20,0.65,0.4807692307692308,0.44971428571428573,0.4762857142857143,184.0,53.79898953437805,0.9633507853403142,0.7988761387052705,-1.4028196569124571,0.7596750287477466,1,0.8443877551020408,0.875,0.08994708994708994,0.0582010582010582
321,32,group_032_digit_1_index_0321.png,1,१,69,0.08801020408163265,8,20,0.4,0.43125,0.5082815734989647,0.4052795031055901,65.5,47.899494767189026,0.7081081081081081,0.3587478432416689,1.4357197269391941,0.913954180102633,1,0.9362244897959183,0.9005102040816326,0.06878306878306878,0.031746031746031744
322,32,group_032_digit_2_index_0322.png,2,२,111,0.14158163265306123,14,20,0.7,0.3964285714285714,0.48294723294723296,0.4604247104247104,75.5,80.18376553058624,0.45345345345345345,0.14756518982451516,1.452367353268618,0.8243047381295397,0,0.8903061224489796,0.8239795918367347,0.06613756613756613,0.06613756613756613
323,32,group_032_digit_3_index_0323.png,3,३,106,0.13520408163265307,14,20,0.7,0.37857142857142856,0.5212264150943396,0.48921832884097033,63.5,95.01219260692596,0.35774647887323946,0.0883944317722463,-1.2321136139812587,0.8075079796560362,0,0.8214285714285714,0.846938775510204,0.07407407407407407,0.07936507936507936
324,32,group_032_digit_4_index_0324.png,4,४,184,0.23469387755102042,19,20,0.95,0.4842105263157895,0.45943322981366463,0.4388586956521739,195.0,78.28427076339722,0.7262569832402235,0.39984848481098023,-1.5154941426532784,0.713280311660065,1,0.8826530612244898,0.8214285714285714,0.082010582010582,0.0873015873015873
325,32,group_032_digit_5_index_0325.png,5,५,128,0.16326530612244897,17,20,0.85,0.3764705882352941,0.4447544642857143,0.5200892857142857,103.5,86.66904664039612,0.43670886075949367,0.1731498721109396,1.4185996158418217,0.6738761519690746,1,0.8367346938775511,0.8316326530612245,0.082010582010582,0.08465608465608465
326,32,group_032_digit_6_index_0326.png,6,६,157,0.2002551020408163,20,18,1.1111111111111112,0.4361111111111111,0.445859872611465,0.5207006369426751,114.0,108.08326017856598,0.4662576687116564,0.12263031481478778,0.6502629931520785,0.590911042134239,1,0.8341836734693877,0.7933673469387755,0.082010582010582,0.10846560846560846
327,32,group_032_digit_7_index_0327.png,7,७,183,0.23341836734693877,18,20,0.9,0.5083333333333333,0.48633879781420764,0.4843871975019516,158.0,95.94112503528595,0.5592920353982301,0.21570357216820604,-0.786014372761085,0.4852619506225127,1,0.7729591836734694,0.8035714285714286,0.1111111111111111,0.06613756613756613
328,32,group_032_digit_8_index_0328.png,8,८,90,0.11479591836734694,20,17,1.1764705882352942,0.2647058823529412,0.5059523809523809,0.4099206349206349,51.5,79.55634891986847,0.25495049504950495,0.10225096265105323,1.3042322532440267,0.6773965482530133,0,0.8979591836734694,0.8979591836734694,0.047619047619047616,0.07142857142857142
329,32,group_032_digit_9_index_0329.png,9,९,30,0.03826530612244898,20,16,1.25,0.09375,0.25,0.5785714285714285,16.5,30.38477599620819,0.5238095238095238,0.22458550878140557,-0.7183037994212381,0.8343465689980398,1,0.923469387755102,0.9336734693877551,0.0291005291005291,0.037037037037037035
330,33,group_033_digit_0_index_0330.png,0,०,98,0.125,15,20,0.75,0.32666666666666666,0.4846938775510204,0.4704810495626822,195.5,56.041630148887634,0.9399038461538461,0.7822311501056007,-1.5365320083046965,0.6583931543773989,1,0.8724489795918368,0.9438775510204082,0.09523809523809523,0.06613756613756613
331,33,group_033_digit_1_index_0331.png,1,१,82,0.10459183673469388,11,20,0.55,0.37272727272727274,0.4847560975609756,0.4307491289198606,87.5,50.38477599620819,0.7446808510638298,0.4331309847943526,1.1733722621371976,0.8854572479804129,1,0.846938775510204,0.8724489795918368,0.07407407407407407,0.042328042328042326
332,33,group_033_digit_2_index_0332.png,2,२,95,0.1211734693877551,12,20,0.6,0.3958333333333333,0.4774436090225564,0.48872180451127817,59.5,83.49747359752655,0.3242506811989101,0.10724576698296887,-1.568995873658816,0.8210176728843112,0,0.8545918367346939,0.8035714285714286,0.07142857142857142,0.07142857142857142
333,33,group_033_digit_3_index_0333.png,3,३,56,0.07142857142857142,9,20,0.45,0.3111111111111111,0.48278061224489793,0.461734693877551,26.0,69.59797883033752,0.22608695652173913,0.0674512429173046,-1.566188873700061,0.927058052341656,0,0.903061224489796,0.8928571428571429,0.0582010582010582,0.06084656084656084
334,33,group_033_digit_4_index_0334.png,4,४,76,0.09693877551020408,11,20,0.55,0.34545454545454546,0.4229323308270677,0.5028195488721805,66.0,74.42640578746796,0.41379310344827586,0.14972685646506606,1.5532381779608149,0.8891575374981706,1,0.8622448979591837,0.9081632653061225,0.082010582010582,0.07407407407407407
335,33,group_033_digit_5_index_0335.png,5,५,64,0.08163265306122448,9,20,0.45,0.35555555555555557,0.45814732142857145,0.48716517857142855,25.5,86.18376541137695,0.19921875,0.043141884822613094,-1.4886018952707027,0.8984343056063674,0,0.8775510204081632,0.9081632653061225,0.08994708994708994,0.05026455026455026
336,33,group_033_digit_6_index_0336.png,6,६,77,0.09821428571428571,13,20,0.65,0.29615384615384616,0.4670686456400742,0.4916512059369202,41.0,85.74011397361755,0.26537216828478966,0.07008508554692358,1.3944374542078073,0.6723465482999055,0,0.8801020408163265,0.8698979591836735,0.07142857142857142,0.07671957671957672
337,33,group_033_digit_7_index_0337.png,7,७,116,0.14795918367346939,16,20,0.8,0.3625,0.500307881773399,0.5076970443349753,112.5,87.69848418235779,0.487012987012987,0.18381384203308868,-1.001031365349793,0.6715332463863659,1,0.8214285714285714,0.8163265306122449,0.12698412698412698,0.06084656084656084
338,33,group_033_digit_8_index_0338.png,8,८,76,0.09693877551020408,20,17,1.1764705882352942,0.2235294117647059,0.4238721804511278,0.3825187969924812,38.0,83.11269760131836,0.19240506329113924,0.06912874994987316,-1.0345436461434254,0.6339333005223701,0,0.8775510204081632,0.8622448979591837,0.04497354497354497,0.0873015873015873
339,33,group_033_digit_9_index_0339.png,9,९,91,0.11607142857142858,12,20,0.6,0.37916666666666665,0.5102040816326531,0.4705651491365777,79.5,71.35533809661865,0.48036253776435045,0.19621131850254184,-1.3784092400505046,0.8867420508586384,1,0.8443877551020408,0.8341836734693877,0.07142857142857142,0.07671957671957672
340,34,group_034_digit_0_index_0340.png,0,०,135,0.17219387755102042,20,17,1.1764705882352942,0.39705882352941174,0.48703703703703705,0.4772486772486772,212.5,57.69848430156708,0.9507829977628636,0.802121189205056,-0.543096696870269,0.6609368911226573,1,0.8341836734693877,0.8239795918367347,0.07142857142857142,0.09259259259259259
341,34,group_034_digit_1_index_0341.png,1,१,161,0.20535714285714285,18,20,0.9,0.44722222222222224,0.5097604259094942,0.43899733806566105,195.0,64.62741661071777,0.8297872340425532,0.5866929687935977,0.7764673907146075,0.6049018047907417,1,0.9005102040816326,0.7525510204081632,0.07671957671957672,0.07407407407407407
342,34,group_034_digit_2_index_0342.png,2,२,125,0.15943877551020408,20,17,1.1764705882352942,0.36764705882352944,0.49885714285714283,0.5328571428571428,105.5,77.0121922492981,0.5158924205378973,0.22353387720521553,-0.572158573379365,0.8277602223458826,1,0.7882653061224489,0.7321428571428572,0.06613756613756613,0.0873015873015873
343,34,group_034_digit_3_index_0343.png,3,३,102,0.13010204081632654,12,20,0.6,0.425,0.5094537815126051,0.4439775910364146,68.5,77.01219272613525,0.4308176100628931,0.14513810804683855,-1.5566551997325095,0.8134313724251606,0,0.8724489795918368,0.8316326530612245,0.06349206349206349,0.06613756613756613
344,34,group_034_digit_4_index_0344.png,4,४,151,0.19260204081632654,20,18,1.1111111111111112,0.41944444444444445,0.4919583727530747,0.4947965941343425,134.5,75.69848430156708,0.6127562642369021,0.29495637067351776,-0.696798608987495,0.6388982797639448,1,0.8392857142857143,0.7729591836734694,0.06878306878306878,0.082010582010582
345,34,group_034_digit_5_index_0345.png,5,५,111,0.14158163265306123,14,20,0.7,0.3964285714285714,0.45334620334620335,0.5086872586872587,84.0,81.11269772052765,0.4421052631578947,0.1604395585960024,1.2599677146550403,0.7979279131814099,1,0.8494897959183674,0.8852040816326531,0.07936507936507936,0.06878306878306878
346,34,group_034_digit_6_index_0346.png,6,६,139,0.17729591836734693,19,20,0.95,0.36578947368421055,0.4170092497430627,0.49640287769784175,107.5,85.01219236850739,0.5512820512820513,0.1869200530890726,0.9273376226050017,0.8889981004287301,2,0.7525510204081632,0.7372448979591837,0.07407407407407407,0.0873015873015873
347,34,group_034_digit_7_index_0347.png,7,७,166,0.21173469387755103,20,17,1.1764705882352942,0.48823529411764705,0.4954819277108434,0.4629948364888124,135.5,91.01219236850739,0.5430861723446894,0.20556539497655585,-0.42956093587946176,0.6974766901075088,1,0.7857142857142857,0.7806122448979592,0.0873015873015873,0.07936507936507936
348,34,group_034_digit_8_index_0348.png,8,८,126,0.16071428571428573,20,17,1.1764705882352942,0.37058823529411766,0.4747732426303855,0.45804988662131524,83.0,92.28427076339722,0.3408624229979466,0.12247080907259725,1.1876506941665266,0.6349699040002103,0,0.8724489795918368,0.8367346938775511,0.05026455026455026,0.09259259259259259
349,34,group_034_digit_9_index_0349.png,9,९,142,0.18112244897959184,15,20,0.75,0.47333333333333333,0.4647887323943662,0.4039235412474849,114.5,77.01219248771667,0.5725,0.242603116412537,1.4307852679394994,0.7242187322155033,1,0.846938775510204,0.7653061224489796,0.05555555555555555,0.09259259259259259
350,35,group_035_digit_0_index_0350.png,0,०,121,0.15433673469387754,16,20,0.8,0.378125,0.48406139315230223,0.47284533648170013,218.0,57.455843806266785,0.960352422907489,0.8298468376134003,-1.2920917732104467,0.669350901681586,1,0.8392857142857143,0.8801020408163265,0.08994708994708994,0.07407407407407407
351,35,group_035_digit_1_index_0351.png,1,१,166,0.21173469387755103,20,20,1.0,0.415,0.43373493975903615,0.4926850258175559,111.5,90.18376505374908,0.4704641350210971,0.172277279989631,-0.9990113511948974,0.5238952218794098,0,0.7295918367346939,0.7959183673469388,0.10582010582010581,0.07936507936507936
352,35,group_035_digit_2_index_0352.png,2,२,89,0.11352040816326531,13,20,0.65,0.3423076923076923,0.48836276083467095,0.4779293739967897,68.5,78.18376541137695,0.4101796407185629,0.14082095011594184,-1.5028768415965363,0.7169256807929256,1,0.8647959183673469,0.8494897959183674,0.07671957671957672,0.07407407407407407
353,35,group_035_digit_3_index_0353.png,3,३,103,0.13137755102040816,16,20,0.8,0.321875,0.44833564493758665,0.5069348127600555,74.5,98.32590043544769,0.3688118811881188,0.09683453520395076,1.334173158303583,0.8297189890092865,1,0.8596938775510204,0.8801020408163265,0.09259259259259259,0.09523809523809523
354,35,group_035_digit_4_index_0354.png,4,४,83,0.10586734693877552,15,20,0.75,0.27666666666666667,0.4518072289156626,0.5210843373493976,66.0,86.08326005935669,0.3308270676691729,0.11192223857397558,-1.1499841584079944,0.8052176435502004,1,0.8698979591836735,0.8239795918367347,0.09523809523809523,0.082010582010582
355,35,group_035_digit_5_index_0355.png,5,५,124,0.15816326530612246,19,20,0.95,0.3263157894736842,0.4533410138248848,0.5241935483870968,100.0,97.74011445045471,0.3597122302158273,0.13154192029370873,-0.9812574831413658,0.7456448652286922,1,0.7806122448979592,0.7959183673469388,0.08994708994708994,0.10052910052910052
356,35,group_035_digit_6_index_0356.png,6,६,49,0.0625,9,20,0.45,0.2722222222222222,0.4431486880466472,0.4249271137026239,21.5,58.87005698680878,0.2529411764705882,0.07795777071455111,1.2371482927348794,0.8555492311808953,0,0.9056122448979592,0.8954081632653061,0.0582010582010582,0.04497354497354497
357,35,group_035_digit_7_index_0357.png,7,७,135,0.17219387755102042,20,19,1.0526315789473684,0.35526315789473684,0.4925925925925926,0.49074074074074076,103.5,94.66904640197754,0.3770491803278688,0.14512231872232034,-0.2902920244385219,0.6638630684861194,1,0.8086734693877551,0.8443877551020408,0.10317460317460317,0.07407407407407407
358,35,group_035_digit_8_index_0358.png,8,८,94,0.11989795918367346,20,19,1.0526315789473684,0.24736842105263157,0.4612462006079027,0.38221884498480246,55.0,83.4558436870575,0.23809523809523808,0.09923366914962663,1.5460246345246633,0.756508489084498,0,0.8826530612244898,0.8775510204081632,0.05291005291005291,0.07671957671957672
359,35,group_035_digit_9_index_0359.png,9,९,81,0.10331632653061225,17,20,0.85,0.23823529411764705,0.45061728395061723,0.48280423280423285,41.5,87.35533821582794,0.21227621483375958,0.06834064316331107,-1.469639383415237,0.7947683368589702,0,0.875,0.8698979591836735,0.06084656084656084,0.07936507936507936
360,36,group_036_digit_0_index_0360.png,0,०,46,0.058673469387755105,20,17,1.1764705882352942,0.13529411764705881,0.6529503105590063,0.3548136645962733,70.0,32.14213526248932,0.9523809523809523,0.851448638306918,-0.8070228655777526,0.7554493674680525,1,0.8826530612244898,0.8928571428571429,0.05026455026455026,0.05026455026455026
361,36,group_036_digit_1_index_0361.png,1,१,64,0.08163265306122448,8,20,0.4,0.4,0.5044642857142857,0.40848214285714285,59.5,48.72792184352875,0.6574585635359116,0.3148988321001718,1.4516261300022637,0.9074020941718359,1,0.9183673469387755,0.903061224489796,0.07142857142857142,0.031746031746031744
362,36,group_036_digit_2_index_0362.png,2,२,25,0.03188775510204082,20,19,1.0526315789473684,0.06578947368421052,0.7142857142857143,0.6085714285714285,8.5,35.21320307254791,0.23943661971830985,0.08614255070280273,0.7718720521708343,0.8673368440701194,0,0.9362244897959183,0.9362244897959183,0.031746031746031744,0.037037037037037035
363,36,group_036_digit_3_index_0363.png,3,३,102,0.13010204081632654,13,20,0.65,0.3923076923076923,0.49019607843137253,0.5,63.5,87.01219236850739,0.33866666666666667,0.10539581504308432,-1.431686327955039,0.8070646776494399,0,0.8928571428571429,0.8112244897959184,0.07142857142857142,0.07142857142857142
364,36,group_036_digit_4_index_0364.png,4,४,135,0.17219387755102042,20,19,1.0526315789473684,0.35526315789473684,0.41507936507936505,0.4325396825396825,124.0,73.94112491607666,0.5636363636363636,0.285009569518417,-1.0960613978024547,0.7564849918762842,1,0.778061224489796,0.8188775510204082,0.07671957671957672,0.07407407407407407
365,36,group_036_digit_5_index_0365.png,5,५,101,0.1288265306122449,12,20,0.6,0.42083333333333334,0.48797736916548795,0.5208628005657708,67.0,77.59797871112823,0.43086816720257237,0.13982468483604915,-1.3719349832570762,0.792943903439281,0,0.875,0.8443877551020408,0.07142857142857142,0.0582010582010582
366,36,group_036_digit_6_index_0366.png,6,६,114,0.14540816326530612,13,20,0.65,0.43846153846153846,0.4476817042606516,0.5178571428571429,74.5,89.01219248771667,0.38903394255874674,0.11815909063554093,1.3832366161265162,0.783184414317855,0,0.846938775510204,0.8877551020408163,0.07142857142857142,0.07407407407407407
367,36,group_036_digit_7_index_0367.png,7,७,171,0.2181122448979592,20,20,1.0,0.4275,0.49895572263993315,0.49331662489557226,153.0,105.25483286380768,0.5008183306055647,0.17354703685474943,-0.6466796549050909,0.6703441172686279,1,0.7474489795918368,0.7525510204081632,0.11375661375661375,0.0873015873015873
368,36,group_036_digit_8_index_0368.png,8,८,124,0.15816326530612246,20,20,1.0,0.31,0.47379032258064513,0.4602534562211981,79.5,94.87005722522736,0.2727272727272727,0.11099889811931288,1.540784077499809,0.7815778490676537,0,0.8571428571428572,0.8622448979591837,0.05555555555555555,0.08994708994708994
369,36,group_036_digit_9_index_0369.png,9,९,106,0.13520408163265307,16,20,0.8,0.33125,0.4912398921832884,0.46024258760107817,90.5,78.18376529216766,0.4593908629441624,0.18604811714388333,-1.3150754289648314,0.8911905594845912,1,0.8316326530612245,0.8214285714285714,0.06878306878306878,0.08994708994708994
370,37,group_037_digit_0_index_0370.png,0,०,161,0.20535714285714285,16,20,0.8,0.503125,0.47848269742679683,0.4922360248447205,226.0,57.455843448638916,0.9678800856531049,0.8602999432813837,-1.4820278078299995,0.6206523042192312,1,0.9107142857142857,0.9260204081632653,0.08465608465608465,0.06878306878306878
371,37,group_037_digit_1_index_0371.png,1,१,102,0.13010204081632654,10,20,0.5,0.51,0.5087535014005602,0.44257703081232497,97.5,50.38477599620819,0.7991803278688525,0.48263166877085,1.454172211771107,0.8450481501086262,1,0.903061224489796,0.8928571428571429,0.07407407407407407,0.037037037037037035
372,37,group_037_digit_2_index_0372.png,2,२,163,0.20790816326530612,15,20,0.75,0.5433333333333333,0.49430324276950044,0.49539877300613494,156.0,62.62741661071777,0.7858942065491183,0.49981060601372523,-1.1614964268607633,0.755805158993315,2,0.7831632653061225,0.7933673469387755,0.07936507936507936,0.06084656084656084
373,37,group_037_digit_3_index_0373.png,3,३,130,0.16581632653061223,14,20,0.7,0.4642857142857143,0.5013736263736264,0.4857142857142857,106.0,73.94112455844879,0.6162790697674418,0.24363721500961968,-1.3095736525043704,0.7213538225781344,2,0.8418367346938775,0.8622448979591837,0.07671957671957672,0.07142857142857142
374,37,group_037_digit_4_index_0374.png,4,४,131,0.16709183673469388,15,20,0.75,0.43666666666666665,0.4252998909487459,0.4318429661941113,102.0,63.455843448638916,0.5947521865889213,0.31832210175256265,-1.4979216563050433,0.8332063679241066,0,0.8086734693877551,0.8698979591836735,0.06084656084656084,0.042328042328042326
375,37,group_037_digit_5_index_0375.png,5,५,152,0.19387755102040816,18,20,0.9,0.4222222222222222,0.4755639097744361,0.53125,133.0,90.42640602588654,0.5553235908141962,0.20439532792762805,-0.8729882947280463,0.8246986900711809,1,0.7551020408163265,0.7704081632653061,0.09788359788359788,0.07671957671957672
376,37,group_037_digit_6_index_0376.png,6,६,149,0.19005102040816327,15,20,0.75,0.49666666666666665,0.45517737296260785,0.5079098753595398,134.0,78.7695517539978,0.6350710900473934,0.27139254535190865,1.4048736211847537,0.6147033532112889,1,0.8545918367346939,0.8698979591836735,0.07407407407407407,0.0873015873015873
377,37,group_037_digit_7_index_0377.png,7,७,161,0.20535714285714285,20,20,1.0,0.4025,0.46983141082519964,0.5288376220053238,134.0,95.74011445045471,0.5173745173745173,0.18370745375928935,-0.0718077491979037,0.3769072215199751,1,0.7831632653061225,0.8137755102040816,0.10582010582010581,0.07936507936507936
378,37,group_037_digit_8_index_0378.png,8,८,168,0.21428571428571427,16,20,0.8,0.525,0.4564200680272109,0.4696003401360544,132.0,79.94112491607666,0.5420944558521561,0.25956329861496974,-1.481347974665803,0.793045005862988,0,0.8775510204081632,0.8877551020408163,0.05555555555555555,0.07407407407407407
379,37,group_037_digit_9_index_0379.png,9,९,101,0.1288265306122449,11,20,0.55,0.4590909090909091,0.5028288543140028,0.481966053748232,83.5,63.35533845424652,0.5778546712802768,0.26141464188706115,-1.4984145270097189,0.9177936143995368,1,0.8852040816326531,0.9005102040816326,0.06613756613756613,0.06349206349206349
380,38,group_038_digit_0_index_0380.png,0,०,102,0.13010204081632654,14,20,0.7,0.36428571428571427,0.4607843137254902,0.5350140056022409,56.5,102.66904652118683,0.29815303430079154,0.06735646000801308,-1.252806273223559,0.6471187147829732,0,0.9081632653061225,0.8520408163265306,0.09259259259259259,0.07407407407407407
381,38,group_038_digit_1_index_0381.png,1,१,85,0.10841836734693877,10,20,0.5,0.425,0.5134453781512606,0.40756302521008403,78.0,51.79898965358734,0.7027027027027027,0.3653102761078178,1.483499263472901,0.8495533695995678,1,0.8903061224489796,0.875,0.06878306878306878,0.04497354497354497
382,38,group_038_digit_2_index_0382.png,2,२,29,0.036989795918367346,8,9,0.8888888888888888,0.4027777777777778,0.7093596059113301,0.5258620689655172,13.0,36.627416372299194,0.34210526315789475,0.12177009516344876,-1.0025874161698058,0.7558786490845886,0,0.9260204081632653,0.951530612244898,0.031746031746031744,0.03439153439153439
383,38,group_038_digit_3_index_0383.png,3,३,150,0.1913265306122449,16,20,0.8,0.46875,0.5254761904761904,0.5028571428571429,108.5,92.18376517295837,0.5154394299287411,0.16044667337735682,-1.1818490428057051,0.8777988950790684,0,0.7806122448979592,0.826530612244898,0.06613756613756613,0.082010582010582
384,38,group_038_digit_4_index_0384.png,4,४,120,0.15306122448979592,20,15,1.3333333333333333,0.4,0.40267857142857144,0.4416666666666667,114.0,65.11269772052765,0.6229508196721312,0.3378962227367065,-0.8397258275961719,0.6645368552438091,2,0.8010204081632653,0.8928571428571429,0.06084656084656084,0.08994708994708994
385,38,group_038_digit_5_index_0385.png,5,५,125,0.15943877551020408,17,20,0.85,0.36764705882352944,0.4602857142857143,0.5237142857142857,94.5,77.84061968326569,0.4772727272727273,0.19598782947436685,-0.9491337505993073,0.8645491444713805,1,0.7270408163265306,0.8137755102040816,0.07407407407407407,0.06878306878306878
386,38,group_038_digit_6_index_0386.png,6,६,99,0.12627551020408162,12,20,0.6,0.4125,0.45454545454545453,0.4563492063492064,64.0,81.25483322143555,0.43537414965986393,0.12181238081352877,-1.481905839560888,0.808132934846271,0,0.8903061224489796,0.8494897959183674,0.07142857142857142,0.06613756613756613
387,38,group_038_digit_7_index_0387.png,7,७,110,0.14030612244897958,20,16,1.25,0.34375,0.4727272727272727,0.5061688311688312,86.5,93.15432739257812,0.4188861985472155,0.12526216181931085,-0.2982221388746853,0.6881774248286139,1,0.8112244897959184,0.8520408163265306,0.08465608465608465,0.09788359788359788
388,38,group_038_digit_8_index_0388.png,8,८,94,0.11989795918367346,20,13,1.5384615384615385,0.36153846153846153,0.41907294832826747,0.42439209726443766,63.0,66.62741661071777,0.42567567567567566,0.1783382352128936,-0.4960765966586565,0.8764814846494647,0,0.8622448979591837,0.8112244897959184,0.03439153439153439,0.07142857142857142
389,38,group_038_digit_9_index_0389.png,9,९,166,0.21173469387755103,17,20,0.85,0.48823529411764705,0.48945783132530124,0.45266781411359724,125.0,94.08326017856598,0.5787037037037037,0.1774578275887202,-1.4338310414728905,0.7420898744042583,0,0.826530612244898,0.8163265306122449,0.07671957671957672,0.07936507936507936
390,39,group_039_digit_0_index_0390.png,0,०,152,0.19387755102040816,15,20,0.75,0.5066666666666667,0.4722744360902255,0.4882518796992481,213.0,56.627416491508484,0.9638009049773756,0.8347106811611867,-1.4697556989913712,0.6790937824977448,1,0.9387755102040817,0.9285714285714286,0.08994708994708994,0.06084656084656084
391,39,group_039_digit_1_index_0391.png,1,१,70,0.08928571428571429,9,20,0.45,0.3888888888888889,0.4887755102040816,0.39285714285714285,42.5,43.071067690849304,0.6439393939393939,0.28789062250613173,1.2332050602528308,0.9056733030041997,1,0.8928571428571429,0.903061224489796,0.10846560846560846,0.0291005291005291
392,39,group_039_digit_2_index_0392.png,2,२,50,0.06377551020408163,20,18,1.1111111111111112,0.1388888888888889,0.6,0.5957142857142858,25.0,47.79898953437805,0.38461538461538464,0.13750308471804107,0.7053912746921868,0.8413551197927046,0,0.8928571428571429,0.8979591836734694,0.04497354497354497,0.04497354497354497
393,39,group_039_digit_3_index_0393.png,3,३,147,0.1875,17,20,0.85,0.4323529411764706,0.510932944606414,0.5245383867832848,120.5,81.35533845424652,0.5355555555555556,0.22878355210942744,-1.1357344201126864,0.8293913215913308,2,0.7831632653061225,0.7933673469387755,0.07142857142857142,0.08465608465608465
394,39,group_039_digit_4_index_0394.png,4,४,137,0.1747448979591837,17,20,0.85,0.40294117647058825,0.47497393117831077,0.4783628779979145,111.0,67.5979791879654,0.5721649484536082,0.30525684879008663,1.5344777851083797,0.7447814912044473,1,0.8545918367346939,0.8392857142857143,0.06878306878306878,0.0582010582010582
395,39,group_039_digit_5_index_0395.png,5,५,141,0.1798469387755102,13,20,0.65,0.5423076923076923,0.5020263424518744,0.5440729483282675,103.5,80.87005722522736,0.5267175572519084,0.19887249071926646,-1.4307178233369706,0.7624590806882475,0,0.8954081632653061,0.8545918367346939,0.07142857142857142,0.05555555555555555
396,39,group_039_digit_6_index_0396.png,6,६,116,0.14795918367346939,13,20,0.65,0.4461538461538462,0.4396551724137931,0.4802955665024631,79.0,83.59797894954681,0.511326860841424,0.1420513609890902,1.1177700538594966,0.8278232349437059,0,0.8622448979591837,0.8010204081632653,0.07142857142857142,0.06613756613756613
397,39,group_039_digit_7_index_0397.png,7,७,207,0.26403061224489793,20,20,1.0,0.5175,0.5327812284334024,0.498792270531401,171.0,89.5979790687561,0.5896551724137931,0.26767606937155847,-0.4077754339261515,0.5053964830173627,1,0.8188775510204082,0.778061224489796,0.09259259259259259,0.06349206349206349
398,39,group_039_digit_8_index_0398.png,8,८,168,0.21428571428571427,20,14,1.4285714285714286,0.6,0.4562074829931973,0.46364795918367346,130.5,81.69848418235779,0.6083916083916084,0.24569277080606203,0.39509412112478465,0.49363203585600895,0,0.8877551020408163,0.8928571428571429,0.042328042328042326,0.0873015873015873
399,39,group_039_digit_9_index_0399.png,9,९,107,0.1364795918367347,13,20,0.65,0.4115384615384615,0.4773030707610147,0.4529372496662217,92.0,67.11269772052765,0.5679012345679012,0.256677794208797,-1.3574653609403489,0.9032288286272682,1,0.8647959183673469,0.8443877551020408,0.06613756613756613,0.06878306878306878
400,40,group_040_digit_0_index_0400.png,0,०,176,0.22448979591836735,20,19,1.0526315789473684,0.4631578947368421,0.4429788961038961,0.47118506493506496,271.5,62.87005698680878,0.9661921708185054,0.8631613586349357,-0.6848744269131906,0.5390168928768088,1,0.826530612244898,0.8418367346938775,0.082010582010582,0.08994708994708994
401,40,group_040_digit_1_index_0401.png,1,१,91,0.11607142857142858,10,20,0.5,0.455,0.49332810047095765,0.40109890109890106,67.5,50.38477599620819,0.6716417910447762,0.3341296168413577,1.2668632289230324,0.9122700364861032,0,0.9362244897959183,0.8290816326530612,0.05291005291005291,0.0291005291005291
402,40,group_040_digit_2_index_0402.png,2,२,112,0.14285714285714285,11,20,0.55,0.509090909090909,0.4633290816326531,0.4795918367346939,81.0,71.5979790687561,0.5242718446601942,0.198560727252044,1.4668833445985834,0.8732549147488015,0,0.8775510204081632,0.9081632653061225,0.06878306878306878,0.05291005291005291
403,40,group_040_digit_3_index_0403.png,3,३,110,0.14030612244897958,12,20,0.6,0.4583333333333333,0.49318181818181817,0.4808441558441558,78.5,80.66904664039612,0.47289156626506024,0.15158829629684645,1.5624445569831882,0.854861209201518,1,0.9132653061224489,0.8112244897959184,0.07671957671957672,0.07142857142857142
404,40,group_040_digit_4_index_0404.png,4,४,97,0.12372448979591837,12,20,0.6,0.4041666666666667,0.45802650957290136,0.5040500736377025,78.5,65.0121921300888,0.5304054054054054,0.23339411461554135,1.4202783944168196,0.8396349812895901,1,0.9158163265306123,0.8596938775510204,0.07936507936507936,0.05291005291005291
405,40,group_040_digit_5_index_0405.png,5,५,81,0.10331632653061225,13,20,0.65,0.31153846153846154,0.40255731922398585,0.4801587301587302,18.0,31.798989295959473,0.4675324675324675,0.2236947214315645,1.5129364983856024,0.8340287728617205,0,0.8443877551020408,0.8903061224489796,0.09788359788359788,0.0582010582010582
406,40,group_040_digit_6_index_0406.png,6,६,107,0.1364795918367347,16,20,0.8,0.334375,0.465954606141522,0.47396528704939916,68.5,93.84061968326569,0.3333333333333333,0.0977504356215557,1.0801822661563023,0.6271668426529501,1,0.8392857142857143,0.8137755102040816,0.07671957671957672,0.0873015873015873
407,40,group_040_digit_7_index_0407.png,7,७,87,0.11096938775510204,12,20,0.6,0.3625,0.4667487684729064,0.5496715927750411,50.0,84.42640590667725,0.31746031746031744,0.08815019259129984,-1.5209689098331818,0.788447322713876,0,0.8954081632653061,0.8290816326530612,0.07407407407407407,0.06613756613756613
408,40,group_040_digit_8_index_0408.png,8,८,125,0.15943877551020408,20,17,1.1764705882352942,0.36764705882352944,0.49514285714285716,0.43714285714285717,86.0,83.45584380626678,0.3628691983122363,0.15516537313613615,1.2444163098491325,0.7526229450599078,0,0.8596938775510204,0.8954081632653061,0.04497354497354497,0.08465608465608465
409,40,group_040_digit_9_index_0409.png,9,९,92,0.11734693877551021,16,20,0.8,0.2875,0.48680124223602483,0.45652173913043476,80.5,73.35533833503723,0.48936170212765956,0.18799326704914585,-1.1542343763011746,0.9207677325366525,1,0.8214285714285714,0.8316326530612245,0.06613756613756613,0.08994708994708994
410,41,group_041_digit_0_index_0410.png,0,०,128,0.16326530612244897,15,20,0.75,0.4266666666666667,0.4458705357142857,0.45424107142857145,210.0,56.62741661071777,0.963302752293578,0.8229541892292414,1.5363516924095988,0.6156879674558152,1,0.8826530612244898,0.8928571428571429,0.09259259259259259,0.06613756613756613
411,41,group_041_digit_1_index_0411.png,1,१,24,0.030612244897959183,6,20,0.3,0.2,0.4642857142857143,0.3705357142857143,9.5,23.899494767189026,0.5135135135135135,0.2090046887714224,1.3832845784458392,0.9707812577469418,0,0.9591836734693877,0.9387755102040817,0.03439153439153439,0.018518518518518517
412,41,group_041_digit_2_index_0412.png,2,२,95,0.1211734693877551,18,20,0.9,0.2638888888888889,0.4469924812030075,0.45263157894736844,59.0,82.42640602588654,0.31382978723404253,0.1091262289270275,1.2375758956743168,0.7645460422816779,0,0.8188775510204082,0.7933673469387755,0.06084656084656084,0.07671957671957672
413,41,group_041_digit_3_index_0413.png,3,३,104,0.1326530612244898,19,20,0.95,0.2736842105263158,0.40865384615384615,0.4642857142857143,63.5,92.66904640197754,0.3223350253807107,0.0929210698283627,0.9892422337012275,0.8825400395797168,0,0.7755102040816326,0.8214285714285714,0.06349206349206349,0.08994708994708994
414,41,group_041_digit_4_index_0414.png,4,४,72,0.09183673469387756,20,17,1.1764705882352942,0.21176470588235294,0.5079365079365079,0.42311507936507936,44.0,65.59797883033752,0.28664495114006516,0.1284936375583935,-0.28086596500119476,0.5531326047141145,0,0.8979591836734694,0.846938775510204,0.0582010582010582,0.05555555555555555
415,41,group_041_digit_5_index_0415.png,5,५,80,0.10204081632653061,20,16,1.25,0.25,0.39999999999999997,0.5285714285714286,51.0,82.76955199241638,0.2670157068062827,0.09354893143607311,0.19756872001611905,0.326033442354095,1,0.8724489795918368,0.8673469387755102,0.07142857142857142,0.082010582010582
416,41,group_041_digit_6_index_0416.png,6,६,34,0.04336734693877551,8,13,0.6153846153846154,0.3269230769230769,0.46218487394957986,0.41701680672268904,12.0,51.11269760131836,0.1951219512195122,0.0577209546073312,1.3390984668762125,0.8087202461832287,0,0.9438775510204082,0.9489795918367347,0.05026455026455026,0.03968253968253968
417,41,group_041_digit_7_index_0417.png,7,७,105,0.13392857142857142,17,20,0.85,0.3088235294117647,0.4346938775510204,0.5707482993197279,114.0,80.42640578746796,0.5302325581395348,0.2214712688722224,1.4508094953593078,0.4147375549480077,1,0.8392857142857143,0.778061224489796,0.082010582010582,0.09788359788359788
418,41,group_041_digit_8_index_0418.png,8,८,57,0.07270408163265306,20,12,1.6666666666666667,0.2375,0.4906015037593985,0.4674185463659148,26.5,65.21320283412933,0.2163265306122449,0.0783041315434598,0.6458030351403053,0.9032749718602755,0,0.8954081632653061,0.9209183673469388,0.037037037037037035,0.06613756613756613
419,41,group_041_digit_9_index_0419.png,9,९,94,0.11989795918367346,15,20,0.75,0.31333333333333335,0.5619300911854104,0.5129179331306991,59.0,79.59797859191895,0.31216931216931215,0.11701938138582495,-1.4547297271091797,0.8935268730752512,0,0.8571428571428572,0.8724489795918368,0.05291005291005291,0.07936507936507936
420,42,group_042_digit_0_index_0420.png,0,०,132,0.1683673469387755,20,19,1.0526315789473684,0.3473684210526316,0.454004329004329,0.44615800865800864,259.5,62.870057106018066,0.9611111111111111,0.8250105772240875,-0.8040132999205148,0.5979781616307887,1,0.826530612244898,0.7806122448979592,0.0873015873015873,0.09523809523809523
421,42,group_042_digit_1_index_0421.png,1,१,75,0.09566326530612244,12,20,0.6,0.3125,0.4933333333333333,0.41285714285714287,71.5,53.21320295333862,0.6137339055793991,0.31730513849896796,1.1384695301483982,0.9237157082152858,1,0.8443877551020408,0.8647959183673469,0.06878306878306878,0.047619047619047616
422,42,group_042_digit_2_index_0422.png,2,२,120,0.15306122448979592,18,20,0.9,0.3333333333333333,0.4428571428571429,0.45625,119.5,65.35533809661865,0.6272965879265092,0.35157309962031735,1.2070277442064228,0.6083382593217814,2,0.8673469387755102,0.8163265306122449,0.082010582010582,0.07936507936507936
423,42,group_042_digit_3_index_0423.png,3,३,116,0.14795918367346939,18,20,0.9,0.32222222222222224,0.3848522167487685,0.4802955665024631,101.5,83.0121922492981,0.5126262626262627,0.18509391432612354,1.1435953181876908,0.7918801593335172,2,0.7602040816326531,0.8571428571428572,0.08994708994708994,0.09259259259259259
424,42,group_042_digit_4_index_0424.png,4,४,74,0.09438775510204081,13,20,0.65,0.2846153846153846,0.4647683397683398,0.5222007722007722,65.5,69.0121922492981,0.4337748344370861,0.1728221951171439,1.1295638699477737,0.8945346691074466,1,0.8520408163265306,0.846938775510204,0.082010582010582,0.06613756613756613
425,42,group_042_digit_5_index_0425.png,5,५,92,0.11734693877551021,18,20,0.9,0.25555555555555554,0.4798136645962733,0.547360248447205,70.0,88.08326005935669,0.30837004405286345,0.11337600350287405,-1.059883472614963,0.7662639171771494,1,0.8367346938775511,0.8367346938775511,0.08465608465608465,0.0873015873015873
426,42,group_042_digit_6_index_0426.png,6,६,98,0.125,16,20,0.8,0.30625,0.44351311953352773,0.4646501457725947,53.0,102.91168737411499,0.2739018087855297,0.0628863423183651,1.0063636362210466,0.7353400390134569,0,0.8112244897959184,0.8112244897959184,0.07407407407407407,0.09523809523809523
427,42,group_042_digit_7_index_0427.png,7,७,98,0.125,20,18,1.1111111111111112,0.2722222222222222,0.4409620991253644,0.5550291545189504,75.5,89.01219260692596,0.3289760348583878,0.11974511837702644,0.21121026649116864,0.6025328110430879,1,0.8112244897959184,0.8112244897959184,0.08465608465608465,0.0873015873015873
428,42,group_042_digit_8_index_0428.png,8,८,78,0.09948979591836735,20,12,1.6666666666666667,0.325,0.48717948717948717,0.42857142857142855,44.0,74.28427052497864,0.2953020134228188,0.10020025220749322,0.34576211624843733,0.7382376534041057,0,0.9132653061224489,0.9081632653061225,0.037037037037037035,0.082010582010582
429,42,group_042_digit_9_index_0429.png,9,९,112,0.14285714285714285,15,20,0.75,0.37333333333333335,0.4811862244897959,0.460140306122449,100.0,76.42640578746796,0.5012531328320802,0.21514090553462836,-1.328741562458219,0.8437475780929855,1,0.846938775510204,0.8112244897959184,0.06613756613756613,0.09523809523809523
430,43,group_043_digit_0_index_0430.png,0,०,109,0.13903061224489796,16,20,0.8,0.340625,0.5108125819134993,0.44102228047182174,70.5,88.66904616355896,0.3569620253164557,0.11268209365804906,-0.9975679470457331,0.8124638192693608,0,0.7729591836734694,0.8188775510204082,0.08994708994708994,0.0582010582010582
431,43,group_043_digit_1_index_0431.png,1,१,104,0.1326530612244898,12,20,0.6,0.43333333333333335,0.4900412087912088,0.4354395604395604,97.0,56.62741661071777,0.7293233082706767,0.38012645883445906,-1.4296837898693773,0.8004834674979809,1,0.8826530612244898,0.8775510204081632,0.07142857142857142,0.05026455026455026
432,43,group_043_digit_2_index_0432.png,2,२,121,0.15433673469387754,16,20,0.8,0.378125,0.5073789846517119,0.4235537190082645,150.0,59.11269772052765,0.7978723404255319,0.5394355496693477,-1.2818245270672708,0.49039068260593216,2,0.8494897959183674,0.7882653061224489,0.08465608465608465,0.08994708994708994
433,43,group_043_digit_3_index_0433.png,3,३,79,0.10076530612244898,11,20,0.55,0.35909090909090907,0.49412296564195296,0.4208860759493671,56.0,64.76955187320709,0.41947565543071164,0.16774751932682963,-1.399424687366614,0.9304319187781475,1,0.8903061224489796,0.9107142857142857,0.0582010582010582,0.06613756613756613
434,43,group_043_digit_4_index_0434.png,4,४,148,0.18877551020408162,20,18,1.1111111111111112,0.4111111111111111,0.39140926640926643,0.46814671814671815,117.5,91.49747335910797,0.5164835164835165,0.17637195450370913,-1.1544202113307511,0.6660055263479043,1,0.7959183673469388,0.8775510204081632,0.07407407407407407,0.10317460317460317
435,43,group_043_digit_5_index_0435.png,5,५,57,0.07270408163265306,8,20,0.4,0.35625,0.48057644110275693,0.4498746867167919,24.5,72.5269113779068,0.23333333333333334,0.05852987307127121,-1.5327811993784193,0.9078965530723705,0,0.9158163265306123,0.9464285714285714,0.07407407407407407,0.04497354497354497
436,43,group_043_digit_6_index_0436.png,6,६,73,0.09311224489795919,10,20,0.5,0.365,0.49755381604696675,0.460371819960861,48.5,64.5269113779068,0.4127659574468085,0.1463759905341169,-1.25632960773447,0.9369780728646935,1,0.8698979591836735,0.8647959183673469,0.06349206349206349,0.05555555555555555
437,43,group_043_digit_7_index_0437.png,7,७,162,0.2066326530612245,19,20,0.95,0.4263157894736842,0.45723104056437386,0.47707231040564374,148.5,97.01219236850739,0.560377358490566,0.1982821772832814,-0.6901967646315111,0.6934396296003232,1,0.7295918367346939,0.7397959183673469,0.12433862433862433,0.07671957671957672
438,43,group_043_digit_8_index_0438.png,8,८,117,0.14923469387755103,20,18,1.1111111111111112,0.325,0.4261294261294261,0.4334554334554334,75.0,91.11269772052765,0.31315240083507306,0.11353070011428512,-1.4151702279102285,0.7119707154487721,0,0.875,0.8290816326530612,0.0582010582010582,0.08465608465608465
439,43,group_043_digit_9_index_0439.png,9,९,100,0.12755102040816327,20,17,1.1764705882352942,0.29411764705882354,0.5821428571428572,0.46714285714285714,67.5,88.52691125869751,0.3341584158415842,0.10823382663712161,-1.0584513268750353,0.7447290739487746,1,0.8316326530612245,0.8061224489795918,0.05291005291005291,0.1111111111111111
440,44,group_044_digit_0_index_0440.png,0,०,161,0.20535714285714285,15,20,0.75,0.5366666666666666,0.444321206743567,0.46805678793256433,213.0,56.627416491508484,0.9638009049773756,0.8347106811611867,1.5076240614067715,0.656278426369594,1,0.9056122448979592,0.9413265306122449,0.08465608465608465,0.06084656084656084
441,44,group_044_digit_1_index_0441.png,1,१,113,0.1441326530612245,10,20,0.5,0.565,0.5129582806573957,0.45638432364096077,95.5,49.55634880065918,0.8232758620689655,0.4886688247073768,1.398162014959595,0.8980474864044261,1,0.8954081632653061,0.9107142857142857,0.06349206349206349,0.031746031746031744
442,44,group_044_digit_2_index_0442.png,2,२,119,0.15178571428571427,17,20,0.85,0.35,0.4432773109243698,0.501500600240096,87.0,73.59797871112823,0.464,0.20183540130678354,1.4861700514111507,0.686006199775961,0,0.778061224489796,0.8188775510204082,0.0582010582010582,0.06613756613756613
443,44,group_044_digit_3_index_0443.png,3,३,88,0.11224489795918367,12,20,0.6,0.36666666666666664,0.5064935064935064,0.49107142857142855,54.5,78.66904675960541,0.3562091503267974,0.11066201928827929,-1.4283718016840792,0.9046881723479758,0,0.8418367346938775,0.8826530612244898,0.06878306878306878,0.06613756613756613
444,44,group_044_digit_4_index_0444.png,4,४,154,0.19642857142857142,16,20,0.8,0.48125,0.44805194805194803,0.5211038961038962,137.5,83.01219260692596,0.596529284164859,0.2507429852271357,-1.5623077443489266,0.702668236300266,1,0.7959183673469388,0.8061224489795918,0.07671957671957672,0.0873015873015873
445,44,group_044_digit_5_index_0445.png,5,५,34,0.04336734693877551,7,20,0.35,0.24285714285714285,0.44222689075630256,0.6355042016806722,12.5,41.55634891986847,0.2976190476190476,0.09095888099113843,1.4597227769667087,0.9371104577768872,0,0.9336734693877551,0.923469387755102,0.04497354497354497,0.031746031746031744
446,44,group_044_digit_6_index_0446.png,6,६,141,0.1798469387755102,17,20,0.85,0.4147058823529412,0.43617021276595747,0.5405268490374874,96.5,102.32590091228485,0.420479302832244,0.11581532316459289,1.2425521025929773,0.6416714279594823,0,0.7882653061224489,0.8035714285714286,0.07407407407407407,0.09523809523809523
447,44,group_044_digit_7_index_0447.png,7,७,164,0.20918367346938777,20,17,1.1764705882352942,0.4823529411764706,0.4732142857142857,0.47234320557491294,155.5,87.35533821582794,0.6182902584493042,0.2560715665516836,-0.2783894637780029,0.676710964829552,1,0.8316326530612245,0.8367346938775511,0.10052910052910052,0.07407407407407407
448,44,group_044_digit_8_index_0448.png,8,८,70,0.08928571428571429,20,11,1.8181818181818181,0.3181818181818182,0.48673469387755103,0.4489795918367347,38.5,65.55634891986847,0.30434782608695654,0.112574772344528,0.6042343195695669,0.8333044595087914,0,0.8979591836734694,0.8979591836734694,0.031746031746031744,0.06878306878306878
449,44,group_044_digit_9_index_0449.png,9,९,128,0.16326530612244897,12,20,0.6,0.5333333333333333,0.4974888392857143,0.4896763392857143,103.0,70.76955199241638,0.622356495468278,0.2584367055059412,-1.3966386023719866,0.8907420908023049,1,0.8571428571428572,0.8571428571428572,0.06349206349206349,0.07142857142857142
450,45,group_045_digit_0_index_0450.png,0,०,130,0.16581632653061223,14,20,0.7,0.4642857142857143,0.4881868131868132,0.47582417582417585,188.5,54.041630029678345,0.9592875318066157,0.811081206792217,1.5025125631625336,0.7436491470406236,1,0.9081632653061225,0.9642857142857143,0.0873015873015873,0.06084656084656084
451,45,group_045_digit_1_index_0451.png,1,१,72,0.09183673469387756,10,20,0.5,0.36,0.4806547619047619,0.3670634920634921,31.0,33.31370830535889,0.6595744680851063,0.35101493914918735,1.309257566151222,0.7745893595769866,0,0.923469387755102,0.8928571428571429,0.07936507936507936,0.031746031746031744
452,45,group_045_digit_2_index_0452.png,2,२,88,0.11224489795918367,10,20,0.5,0.44,0.4971590909090909,0.43060064935064934,58.5,68.18376529216766,0.5021459227467812,0.15812617626811748,1.3694927061264262,0.8940022785787185,0,0.8928571428571429,0.8724489795918368,0.06613756613756613,0.05026455026455026
453,45,group_045_digit_3_index_0453.png,3,३,76,0.09693877551020408,10,20,0.5,0.38,0.5023496240601504,0.450187969924812,44.5,72.18376553058624,0.3531746031746032,0.10732250666276381,-1.4565398384168688,0.9190734186735089,0,0.903061224489796,0.8928571428571429,0.06613756613756613,0.05555555555555555
454,45,group_045_digit_4_index_0454.png,4,४,138,0.1760204081632653,14,20,0.7,0.4928571428571429,0.44565217391304346,0.49301242236024845,109.0,65.94112455844879,0.6022099447513812,0.31500950867747485,-1.3685439802055053,0.8280288044521266,0,0.7959183673469388,0.8877551020408163,0.06084656084656084,0.05026455026455026
455,45,group_045_digit_5_index_0455.png,5,५,95,0.1211734693877551,10,20,0.5,0.475,0.5071428571428571,0.4642857142857143,64.0,71.11269772052765,0.47761194029850745,0.15903603128199076,1.4551160139379502,0.8670440603009512,1,0.9158163265306123,0.9158163265306123,0.07142857142857142,0.05026455026455026
456,45,group_045_digit_6_index_0456.png,6,६,72,0.09183673469387756,8,20,0.4,0.45,0.4816468253968254,0.4737103174603175,47.0,56.28427052497864,0.48704663212435234,0.18643765785709562,-1.4832836782884022,0.9449104273446428,0,0.9183673469387755,0.9387755102040817,0.05291005291005291,0.042328042328042326
457,45,group_045_digit_7_index_0457.png,7,७,160,0.20408163265306123,16,20,0.8,0.5,0.5069196428571429,0.5138392857142857,121.5,83.69848430156708,0.5376106194690266,0.21794702996992693,0.9065643064374205,0.5589038429076187,0,0.8673469387755102,0.8673469387755102,0.08994708994708994,0.042328042328042326
458,45,group_045_digit_8_index_0458.png,8,८,142,0.18112244897959184,18,20,0.9,0.39444444444444443,0.47484909456740443,0.4582494969818914,103.5,84.5269113779068,0.4190283400809717,0.1820372280067614,1.294141199492589,0.853408571494058,0,0.7959183673469388,0.9081632653061225,0.06613756613756613,0.06878306878306878
459,45,group_045_digit_9_index_0459.png,9,९,18,0.02295918367346939,5,7,0.7142857142857143,0.5142857142857142,0.23412698412698413,0.3968253968253968,7.0,24.14213526248932,0.358974358974359,0.15092338816331022,-1.4854914327087514,0.8356687028724906,0,0.9540816326530612,0.9642857142857143,0.021164021164021163,0.023809523809523808
460,46,group_046_digit_0_index_0460.png,0,०,41,0.05229591836734694,8,11,0.7272727272727273,0.4659090909090909,0.6925087108013938,0.5740418118466899,45.5,28.727921724319458,0.9191919191919192,0.6928079189257161,1.08874363356095,0.8547794355811648,1,0.8954081632653061,0.9260204081632653,0.04497354497354497,0.031746031746031744
461,46,group_046_digit_1_index_0461.png,1,१,31,0.039540816326530615,7,12,0.5833333333333334,0.36904761904761907,0.25460829493087556,0.5391705069124424,21.0,29.313708305358887,0.6461538461538462,0.30710552861895224,1.1689752437602494,0.9357348956590724,1,0.9209183673469388,0.9668367346938775,0.03968253968253968,0.023809523809523808
462,46,group_046_digit_2_index_0462.png,2,२,120,0.15306122448979592,13,20,0.65,0.46153846153846156,0.4729166666666667,0.45833333333333337,84.5,79.35533845424652,0.4774011299435028,0.16862201565992063,1.4291668349685263,0.8109706833011053,0,0.8622448979591837,0.7806122448979592,0.06613756613756613,0.06349206349206349
463,46,group_046_digit_3_index_0463.png,3,३,93,0.11862244897959184,11,20,0.55,0.42272727272727273,0.4665898617511521,0.49385560675883255,59.5,76.18376541137695,0.39403973509933776,0.12882553707119715,1.5038102360698111,0.9027880477720306,0,0.8801020408163265,0.8801020408163265,0.06878306878306878,0.0582010582010582
464,46,group_046_digit_4_index_0464.png,4,४,113,0.1441326530612245,16,20,0.8,0.353125,0.48514538558786346,0.486409608091024,87.0,72.76955187320709,0.4793388429752066,0.20645704911711102,0.9916890280213487,0.9291242476657429,1,0.7474489795918368,0.7372448979591837,0.06613756613756613,0.06878306878306878
465,46,group_046_digit_5_index_0465.png,5,५,101,0.1288265306122449,11,20,0.55,0.4590909090909091,0.477015558698727,0.5056577086280056,66.5,77.69848430156708,0.4208860759493671,0.13842241295148416,-1.4038592363263966,0.879260735637349,1,0.8852040816326531,0.8903061224489796,0.07142857142857142,0.0582010582010582
466,46,group_046_digit_6_index_0466.png,6,६,89,0.11352040816326531,11,20,0.55,0.40454545454545454,0.45585874799357945,0.5164526484751204,52.5,83.84061968326569,0.3633217993079585,0.09385560384803274,1.4618905943033915,0.8591274735115647,0,0.8903061224489796,0.9107142857142857,0.07407407407407407,0.06613756613756613
467,46,group_046_digit_7_index_0467.png,7,७,172,0.2193877551020408,18,20,0.9,0.4777777777777778,0.4777823920265781,0.4931478405315614,138.5,102.32590043544769,0.5782881002087683,0.16622199386313338,0.9589227730427509,0.580359136130627,1,0.8316326530612245,0.8418367346938775,0.09788359788359788,0.09259259259259259
468,46,group_046_digit_8_index_0468.png,8,८,147,0.1875,18,20,0.9,0.4083333333333333,0.4392614188532556,0.4645286686103013,103.5,97.0121922492981,0.36,0.13819666935525451,1.5122794731148403,0.7324749629393841,0,0.8341836734693877,0.8188775510204082,0.0582010582010582,0.09788359788359788
469,46,group_046_digit_9_index_0469.png,9,९,113,0.1441326530612245,12,20,0.6,0.4708333333333333,0.48514538558786346,0.4516434892541087,86.0,82.7695517539978,0.4562334217506631,0.15774917940884126,1.5408042380481228,0.8626670469984011,1,0.875,0.8596938775510204,0.06613756613756613,0.0873015873015873
470,47,group_047_digit_0_index_0470.png,0,०,173,0.22066326530612246,20,19,1.0526315789473684,0.45526315789473687,0.4591246903385632,0.45478943022295626,263.5,61.69848418235779,0.9723247232472325,0.8698442458020359,-0.7301147697405155,0.6639613830068919,1,0.8035714285714286,0.8137755102040816,0.07936507936507936,0.0873015873015873
471,47,group_047_digit_1_index_0471.png,1,१,104,0.1326530612244898,11,20,0.55,0.4727272727272727,0.4996565934065934,0.3959478021978022,86.0,55.31370830535889,0.6515151515151515,0.3532179494721361,1.1709499417180191,0.8956072685900175,1,0.8673469387755102,0.8316326530612245,0.06349206349206349,0.042328042328042326
472,47,group_047_digit_2_index_0472.png,2,२,194,0.24744897959183673,20,20,1.0,0.485,0.5298232695139912,0.4799337260677467,157.5,81.35533845424652,0.6140350877192983,0.29903244362850473,-1.0873841671241913,0.6517027060490035,0,0.6785714285714286,0.7806122448979592,0.05555555555555555,0.07671957671957672
473,47,group_047_digit_3_index_0473.png,3,३,90,0.11479591836734694,12,20,0.6,0.375,0.5123015873015874,0.48174603174603176,59.5,70.18376553058624,0.43911439114391143,0.15179361321973872,-1.27144942387273,0.9139076906935734,0,0.8316326530612245,0.8724489795918368,0.06349206349206349,0.05555555555555555
474,47,group_047_digit_4_index_0474.png,4,४,116,0.14795918367346939,17,20,0.85,0.3411764705882353,0.4596674876847291,0.4975369458128079,100.5,75.35533845424652,0.5062972292191436,0.22240670511049143,-1.0359678683300193,0.7329810344961064,1,0.8367346938775511,0.8163265306122449,0.07671957671957672,0.07671957671957672
475,47,group_047_digit_5_index_0475.png,5,५,87,0.11096938775510204,11,20,0.55,0.39545454545454545,0.47742200328407225,0.5283251231527093,60.5,74.04163002967834,0.36555891238670696,0.13867982861795886,-1.4852675877734445,0.8468345679933824,1,0.8801020408163265,0.8903061224489796,0.06878306878306878,0.06349206349206349
476,47,group_047_digit_6_index_0476.png,6,६,89,0.11352040816326531,11,20,0.55,0.40454545454545454,0.4586677367576244,0.46669341894060995,53.0,80.76955187320709,0.3475409836065574,0.10209168856340047,-1.5607146174222546,0.8737309532871804,0,0.8852040816326531,0.8903061224489796,0.06613756613756613,0.06613756613756613
477,47,group_047_digit_7_index_0477.png,7,७,126,0.16071428571428573,15,20,0.75,0.42,0.4520975056689342,0.514172335600907,81.0,102.08326017856598,0.38388625592417064,0.09767553980607614,1.2961046416979112,0.7364498524698518,0,0.8520408163265306,0.8571428571428572,0.08465608465608465,0.082010582010582
478,47,group_047_digit_8_index_0478.png,8,८,148,0.18877551020408162,20,16,1.25,0.4625,0.5086872586872587,0.42784749034749037,108.0,85.4558435678482,0.4853932584269663,0.18584466065389074,0.9675598337927992,0.5921664188140819,0,0.8214285714285714,0.846938775510204,0.05026455026455026,0.082010582010582
479,47,group_047_digit_9_index_0479.png,9,९,129,0.16454081632653061,12,20,0.6,0.5375,0.4742524916943522,0.4745293466223699,97.5,72.18376576900482,0.5555555555555556,0.2351448164156389,1.424700780485477,0.9040051897174314,0,0.8954081632653061,0.875,0.05555555555555555,0.06613756613756613
480,48,group_048_digit_0_index_0480.png,0,०,50,0.06377551020408163,15,20,0.75,0.16666666666666666,0.3507142857142857,0.65,52.5,27.899494767189026,0.9722222222222222,0.8475717832163826,-1.1073516694614187,0.8122160178344375,1,0.8724489795918368,0.8724489795918368,0.042328042328042326,0.037037037037037035
481,48,group_048_digit_1_index_0481.png,1,१,143,0.18239795918367346,12,20,0.6,0.5958333333333333,0.5172327672327672,0.42357642357642356,134.0,53.79898953437805,0.8617363344051447,0.5817902314484036,1.3314313350149019,0.7548908028927418,1,0.9005102040816326,0.8698979591836735,0.06613756613756613,0.04497354497354497
482,48,group_048_digit_2_index_0482.png,2,२,142,0.18112244897959184,17,20,0.85,0.4176470588235294,0.45925553319919515,0.5138329979879276,110.0,75.94112467765808,0.5405405405405406,0.2396892187164147,-1.4044450284746548,0.7636017415371011,1,0.8367346938775511,0.846938775510204,0.06878306878306878,0.06349206349206349
483,48,group_048_digit_3_index_0483.png,3,३,123,0.1568877551020408,19,20,0.95,0.3236842105263158,0.3908246225319396,0.5002903600464575,91.5,80.18376541137695,0.44963144963144963,0.1788372835641146,1.0927396456727703,0.82918962153182,1,0.7423469387755102,0.8494897959183674,0.06613756613756613,0.07936507936507936
484,48,group_048_digit_4_index_0484.png,4,४,127,0.16198979591836735,20,19,1.0526315789473684,0.33421052631578946,0.48256467941507314,0.4434758155230596,94.0,73.94112467765808,0.48205128205128206,0.21605564280243864,-1.0235404600890734,0.6726116991985004,0,0.8596938775510204,0.8290816326530612,0.06349206349206349,0.0582010582010582
485,48,group_048_digit_5_index_0485.png,5,५,99,0.12627551020408162,13,20,0.65,0.38076923076923075,0.4393939393939394,0.4945887445887446,67.5,76.87005722522736,0.3901734104046243,0.14354868819701,1.5337940368395206,0.8460983250231197,1,0.8290816326530612,0.8852040816326531,0.07671957671957672,0.0582010582010582
486,48,group_048_digit_6_index_0486.png,6,६,144,0.1836734693877551,18,20,0.9,0.4,0.453125,0.5066964285714286,98.0,102.42640602588654,0.4041237113402062,0.11738485588497667,0.9566980650430206,0.7290063573524979,0,0.8418367346938775,0.8010204081632653,0.06613756613756613,0.09788359788359788
487,48,group_048_digit_7_index_0487.png,7,७,133,0.16964285714285715,20,19,1.0526315789473684,0.35,0.45676691729323304,0.540547798066595,112.5,84.18376541137695,0.4677754677754678,0.19948290869575658,0.40760566261991166,0.7623667267570569,1,0.8392857142857143,0.8035714285714286,0.0873015873015873,0.07407407407407407
488,48,group_048_digit_8_index_0488.png,8,८,90,0.11479591836734694,20,15,1.3333333333333333,0.3,0.49523809523809526,0.43531746031746027,52.0,80.62741661071777,0.26666666666666666,0.10051889786369445,0.9302810802665106,0.6750199883724974,0,0.8826530612244898,0.923469387755102,0.04497354497354497,0.07936507936507936
489,48,group_048_digit_9_index_0489.png,9,९,108,0.1377551020408163,15,20,0.75,0.36,0.4675925925925926,0.44477513227513227,74.5,75.35533833503723,0.42450142450142453,0.1648686525687126,1.0534355193824059,0.8872976271732895,0,0.8112244897959184,0.7908163265306123,0.05291005291005291,0.07142857142857142
490,49,group_049_digit_0_index_0490.png,0,०,165,0.21045918367346939,20,18,1.1111111111111112,0.4583333333333333,0.4640692640692641,0.45606060606060606,241.0,60.28427064418793,0.9544554455445544,0.8333335843223167,-0.48510977050548737,0.37899638153080245,1,0.9005102040816326,0.9005102040816326,0.07936507936507936,0.08465608465608465
491,49,group_049_digit_1_index_0491.png,1,१,89,0.11352040816326531,11,20,0.55,0.40454545454545454,0.49879614767255215,0.3856340288924559,83.5,51.55634880065918,0.6929460580912863,0.3947589935692403,1.4148442928150278,0.816225409319447,1,0.9056122448979592,0.8647959183673469,0.06613756613756613,0.03968253968253968
492,49,group_049_digit_2_index_0492.png,2,२,115,0.14668367346938777,18,20,0.9,0.3194444444444444,0.4428571428571429,0.48726708074534164,83.0,90.91168761253357,0.3789954337899543,0.12619685066952188,1.3125741062453047,0.6450703809760892,1,0.8188775510204082,0.798469387755102,0.08465608465608465,0.0873015873015873
493,49,group_049_digit_3_index_0493.png,3,३,123,0.1568877551020408,20,20,1.0,0.3075,0.437862950058072,0.4808362369337979,89.0,111.74011445045471,0.3047945205479452,0.08957393369820117,1.2994336545140421,0.7325904435882542,1,0.8137755102040816,0.8137755102040816,0.07671957671957672,0.12962962962962962
494,49,group_049_digit_4_index_0494.png,4,४,118,0.15051020408163265,20,19,1.0526315789473684,0.3105263157894737,0.40980629539951574,0.4727602905569007,105.5,92.32590079307556,0.4081237911025145,0.155530374035247,-0.7404200949798125,0.6886212287958151,1,0.8316326530612245,0.8418367346938775,0.08465608465608465,0.10317460317460317
495,49,group_049_digit_5_index_0495.png,5,५,90,0.11479591836734694,20,15,1.3333333333333333,0.3,0.3992063492063492,0.48293650793650794,60.0,90.42640602588654,0.2850356294536817,0.09220841861396753,0.17329275984531986,0.5872709305431344,1,0.8316326530612245,0.8622448979591837,0.06878306878306878,0.09788359788359788
496,49,group_049_digit_6_index_0496.png,6,६,114,0.14540816326530612,18,20,0.9,0.31666666666666665,0.48370927318295737,0.47399749373433586,67.5,119.49747371673584,0.27892561983471076,0.059401332716709894,1.259597660117907,0.5495521180551548,1,0.826530612244898,0.826530612244898,0.07407407407407407,0.1349206349206349
497,49,group_049_digit_7_index_0497.png,7,७,99,0.12627551020408162,20,16,1.25,0.309375,0.4577922077922078,0.549062049062049,88.5,85.01219260692596,0.4254807692307692,0.15388301958693706,0.3331986285550217,0.778139443572427,1,0.875,0.8698979591836735,0.07936507936507936,0.09259259259259259
498,49,group_049_digit_8_index_0498.png,8,८,109,0.13903061224489796,20,13,1.5384615384615385,0.41923076923076924,0.446264744429882,0.45216251638269983,66.0,91.4558435678482,0.3235294117647059,0.0991587126265738,-0.49333922486650994,0.6254941479849752,0,0.8801020408163265,0.8443877551020408,0.037037037037037035,0.10317460317460317
499,49,group_049_digit_9_index_0499.png,9,९,22,0.02806122448979592,8,8,1.0,0.34375,0.3133116883116883,0.39285714285714285,1.5,27.899494767189026,0.06976744186046512,0.024216336663325216,0.959382088172944,0.5738319323854203,0,0.9438775510204082,0.9642857142857143,0.023809523809523808,0.04497354497354497
500,50,group_050_digit_0_index_0500.png,0,०,36,0.04591836734693878,9,10,0.9,0.4,0.30654761904761907,0.5932539682539683,52.0,28.142135500907898,0.9811320754716981,0.825085791004433,-0.8912805130735268,0.7619680789489848,1,0.9081632653061225,0.9285714285714286,0.04497354497354497,0.03968253968253968
501,50,group_050_digit_1_index_0501.png,1,१,37,0.047193877551020405,7,14,0.5,0.37755102040816324,0.6332046332046332,0.5289575289575289,26.0,34.14213538169861,0.5777777777777777,0.2802862878892549,-1.337365949019385,0.9280030402148262,1,0.9056122448979592,0.9413265306122449,0.04497354497354497,0.0291005291005291
502,50,group_050_digit_2_index_0502.png,2,२,104,0.1326530612244898,18,20,0.9,0.28888888888888886,0.5078983516483516,0.4742445054945055,79.5,81.49747371673584,0.3945409429280397,0.1504141519889552,-0.9050096548819954,0.880241779488128,1,0.8061224489795918,0.7857142857142857,0.07407407407407407,0.0873015873015873
503,50,group_050_digit_3_index_0503.png,3,३,64,0.08163265306122448,12,20,0.6,0.26666666666666666,0.51171875,0.4419642857142857,26.5,82.52691125869751,0.19557195571955718,0.04889501186824816,-1.2140659102521696,0.8823868527148757,0,0.8775510204081632,0.8673469387755102,0.07142857142857142,0.06084656084656084
504,50,group_050_digit_4_index_0504.png,4,४,99,0.12627551020408162,16,20,0.8,0.309375,0.4137806637806638,0.49314574314574317,81.5,82.66904628276825,0.4004914004914005,0.1498585816926538,-1.2144064884877743,0.79665390489775,1,0.8443877551020408,0.875,0.0873015873015873,0.07936507936507936
505,50,group_050_digit_5_index_0505.png,5,५,84,0.10714285714285714,14,20,0.7,0.3,0.5068027210884354,0.5042517006802721,59.5,81.84061968326569,0.3361581920903955,0.11163207862265749,-1.2296846130927168,0.8168138685514662,1,0.8316326530612245,0.8520408163265306,0.0873015873015873,0.06878306878306878
506,50,group_050_digit_6_index_0506.png,6,६,92,0.11734693877551021,15,20,0.75,0.30666666666666664,0.4708850931677019,0.4902950310559006,50.0,98.56854128837585,0.2638522427440633,0.06467005188228996,1.3611812207578213,0.6724162401108896,0,0.8316326530612245,0.8214285714285714,0.07671957671957672,0.08994708994708994
507,50,group_050_digit_7_index_0507.png,7,७,114,0.14540816326530612,20,17,1.1764705882352942,0.3352941176470588,0.4724310776942356,0.5056390977443609,96.0,100.08326017856598,0.4314606741573034,0.12043652307980121,-0.19309737095359117,0.4905515808342976,1,0.846938775510204,0.8061224489795918,0.09259259259259259,0.10582010582010581
508,50,group_050_digit_8_index_0508.png,8,८,91,0.11607142857142858,20,13,1.5384615384615385,0.35,0.3975667189952904,0.4529042386185243,49.5,88.87005698680878,0.25647668393782386,0.07875971676214866,0.18786779865081737,0.39549656911006553,0,0.8852040816326531,0.8443877551020408,0.037037037037037035,0.10052910052910052
509,50,group_050_digit_9_index_0509.png,9,९,77,0.09821428571428571,13,20,0.65,0.29615384615384616,0.4930426716141002,0.48515769944341375,57.0,68.76955199241638,0.3619047619047619,0.15145803900507043,-1.3394105081669159,0.9234603784952532,1,0.8801020408163265,0.875,0.06613756613756613,0.07407407407407407
510,51,group_051_digit_0_index_0510.png,0,०,201,0.25637755102040816,18,20,0.9,0.5583333333333333,0.4454513148542999,0.4797441364605544,253.0,61.455843567848206,0.9656488549618321,0.8417904927716879,1.0750458802845055,0.5532149779398593,1,0.8954081632653061,0.8341836734693877,0.08465608465608465,0.07142857142857142
511,51,group_051_digit_1_index_0511.png,1,१,107,0.1364795918367347,13,20,0.65,0.4115384615384615,0.4879839786381842,0.4459279038718291,118.5,54.3847758769989,0.7873754152823921,0.5034699194835233,1.1201432533965339,0.7884495948462449,1,0.8596938775510204,0.8290816326530612,0.07407407407407407,0.05026455026455026
512,51,group_051_digit_2_index_0512.png,2,२,156,0.1989795918367347,14,20,0.7,0.5571428571428572,0.4848901098901099,0.49748168498168494,114.5,93.84061968326569,0.5192743764172335,0.16339306392216243,1.364573417162644,0.7631411559917937,0,0.8673469387755102,0.8775510204081632,0.07936507936507936,0.07407407407407407
513,51,group_051_digit_3_index_0513.png,3,३,115,0.14668367346938777,13,20,0.65,0.4423076923076923,0.46832298136645967,0.4829192546583851,79.5,81.84061968326569,0.4746268656716418,0.14915546639497934,1.4035725313259029,0.8570339995155551,0,0.8443877551020408,0.8494897959183674,0.07142857142857142,0.06613756613756613
514,51,group_051_digit_4_index_0514.png,4,४,124,0.15816326530612246,15,20,0.75,0.41333333333333333,0.4337557603686636,0.5149769585253456,92.5,82.66904652118683,0.45792079207920794,0.1700848923510991,1.4884040168158112,0.6646303674860572,1,0.8112244897959184,0.8061224489795918,0.07936507936507936,0.07407407407407407
515,51,group_051_digit_5_index_0515.png,5,५,90,0.11479591836734694,12,20,0.6,0.375,0.49642857142857144,0.5166666666666667,59.5,68.87005722522736,0.42805755395683454,0.1576398242678266,1.340827561237811,0.913588645854508,1,0.8775510204081632,0.8673469387755102,0.06878306878306878,0.047619047619047616
516,51,group_051_digit_6_index_0516.png,6,६,128,0.16326530612244897,16,20,0.8,0.4,0.42466517857142855,0.49776785714285715,87.5,91.8406194448471,0.423728813559322,0.13036118766270757,1.0978987426732674,0.8126118959680397,0,0.8163265306122449,0.8418367346938775,0.06878306878306878,0.082010582010582
517,51,group_051_digit_7_index_0517.png,7,७,154,0.19642857142857142,20,17,1.1764705882352942,0.45294117647058824,0.5025510204081632,0.4455009276437848,118.5,91.8406194448471,0.49894736842105264,0.17654629414892398,-0.1543025245717399,0.6139352470586795,1,0.8418367346938775,0.8010204081632653,0.082010582010582,0.082010582010582
518,51,group_051_digit_8_index_0518.png,8,८,131,0.16709183673469388,20,14,1.4285714285714286,0.46785714285714286,0.4697382769901854,0.4520174482006543,96.5,73.21320307254791,0.5026041666666666,0.22623425414163703,-0.4996161275265119,0.5388447018945276,0,0.8647959183673469,0.8341836734693877,0.037037037037037035,0.07671957671957672
519,51,group_051_digit_9_index_0519.png,9,९,115,0.14668367346938777,12,20,0.6,0.4791666666666667,0.5027950310559006,0.42236024844720493,98.0,61.11269760131836,0.5850746268656717,0.32974106073724396,1.416290624595987,0.8938280513937742,1,0.8698979591836735,0.8596938775510204,0.06613756613756613,0.0582010582010582
520,52,group_052_digit_0_index_0520.png,0,०,144,0.1836734693877551,15,20,0.75,0.48,0.4392361111111111,0.4704861111111111,215.0,56.62741661071777,0.9662921348314607,0.8425483365918423,1.55415929525255,0.5965053619635524,1,0.8673469387755102,0.9489795918367347,0.08465608465608465,0.06613756613756613
521,52,group_052_digit_1_index_0521.png,1,१,140,0.17857142857142858,14,20,0.7,0.5,0.5270408163265307,0.43979591836734694,143.5,56.38477599620819,0.8176638176638177,0.5672023822963385,1.0721427846162246,0.8158849474515203,1,0.8520408163265306,0.846938775510204,0.07142857142857142,0.05026455026455026
522,52,group_052_digit_2_index_0522.png,2,२,186,0.2372448979591837,16,20,0.8,0.58125,0.4902073732718894,0.511520737327189,173.0,65.11269760131836,0.812206572769953,0.5127723398903036,-1.1220220267025303,0.8538959348605082,1,0.7908163265306123,0.8112244897959184,0.07142857142857142,0.06349206349206349
523,52,group_052_digit_3_index_0523.png,3,३,174,0.22193877551020408,15,20,0.75,0.58,0.48214285714285715,0.4907635467980295,154.5,77.35533809661865,0.6959459459459459,0.32445746485955657,1.3690227257964824,0.7873879236286523,2,0.8316326530612245,0.8673469387755102,0.0873015873015873,0.07407407407407407
524,52,group_052_digit_4_index_0524.png,4,४,123,0.1568877551020408,15,20,0.75,0.41,0.46631823461091754,0.4805458768873403,93.0,74.42640590667725,0.47692307692307695,0.2109787516158317,1.2492918940393891,0.7522847421930802,1,0.9056122448979592,0.7576530612244898,0.07936507936507936,0.05555555555555555
525,52,group_052_digit_5_index_0525.png,5,५,107,0.1364795918367347,10,20,0.5,0.535,0.4886515353805074,0.5116822429906542,73.0,70.97056245803833,0.49324324324324326,0.18212779509157245,1.516655614875663,0.8924099210401103,0,0.9362244897959183,0.8801020408163265,0.06613756613756613,0.042328042328042326
526,52,group_052_digit_6_index_0526.png,6,६,145,0.18494897959183673,17,20,0.85,0.4264705882352941,0.4177339901477833,0.4738916256157636,98.0,103.59797894954681,0.4083333333333333,0.11474489521069692,1.0483175651693468,0.6924887140299598,0,0.7882653061224489,0.7933673469387755,0.07142857142857142,0.09259259259259259
527,52,group_052_digit_7_index_0527.png,7,७,146,0.18622448979591838,20,18,1.1111111111111112,0.40555555555555556,0.48556751467710374,0.5092954990215264,108.0,85.59797883033752,0.46551724137931033,0.18522798374415395,-0.567972504327097,0.7404501058838632,0,0.8520408163265306,0.8214285714285714,0.07936507936507936,0.06084656084656084
528,52,group_052_digit_8_index_0528.png,8,८,89,0.11352040816326531,20,13,1.5384615384615385,0.3423076923076923,0.45987158908507225,0.45264847512038525,51.5,81.69848430156708,0.2837465564738292,0.09695921578227396,0.6463402353754687,0.6022528095333122,0,0.8954081632653061,0.8954081632653061,0.04497354497354497,0.08465608465608465
529,52,group_052_digit_9_index_0529.png,9,९,116,0.14795918367346939,11,20,0.55,0.5272727272727272,0.45935960591133007,0.45997536945812806,97.5,65.69848442077637,0.6132075471698113,0.2838597249366641,1.3161785388039124,0.9086486535901527,1,0.8520408163265306,0.8673469387755102,0.06349206349206349,0.06613756613756613
530,53,group_053_digit_0_index_0530.png,0,०,102,0.13010204081632654,20,12,1.6666666666666667,0.425,0.47829131652661067,0.48739495798319327,144.5,50.87005698680878,0.9116719242902208,0.7017028861609899,0.025429488202355802,0.8081500169163612,1,0.9387755102040817,0.8826530612244898,0.05026455026455026,0.0873015873015873
531,53,group_053_digit_1_index_0531.png,1,१,88,0.11224489795918367,13,20,0.65,0.3384615384615385,0.47564935064935066,0.38108766233766234,89.0,54.62741661071777,0.6357142857142857,0.37478184528461067,1.5247138425048334,0.8013923928931495,1,0.9132653061224489,0.8367346938775511,0.06613756613756613,0.05555555555555555
532,53,group_053_digit_2_index_0532.png,2,२,120,0.15306122448979592,20,15,1.3333333333333333,0.4,0.5020833333333333,0.47916666666666663,123.0,79.25483298301697,0.6456692913385826,0.24607271741569361,-0.05536864884978506,0.6963716277091215,3,0.8571428571428572,0.8214285714285714,0.09523809523809523,0.10052910052910052
533,53,group_053_digit_3_index_0533.png,3,३,96,0.12244897959183673,17,20,0.85,0.2823529411764706,0.43489583333333337,0.5491071428571429,61.0,90.42640590667725,0.3160621761658031,0.09374522583803599,-1.5587705807070356,0.7958082359487757,1,0.826530612244898,0.826530612244898,0.07407407407407407,0.0873015873015873
534,53,group_053_digit_4_index_0534.png,4,४,83,0.10586734693877552,20,11,1.8181818181818181,0.37727272727272726,0.4113597246127366,0.4281411359724613,62.5,59.21320307254791,0.5040322580645161,0.22400245215111741,-0.30686505956388066,0.8559898550140194,1,0.8494897959183674,0.9005102040816326,0.047619047619047616,0.06349206349206349
535,53,group_053_digit_5_index_0535.png,5,५,137,0.1747448979591837,19,20,0.95,0.3605263157894737,0.3902502606882169,0.5218978102189781,97.5,89.8406195640564,0.4503464203233256,0.15179903236469275,0.993308608133931,0.7022454831933184,0,0.7321428571428572,0.8443877551020408,0.07142857142857142,0.07671957671957672
536,53,group_053_digit_6_index_0536.png,6,६,116,0.14795918367346939,20,12,1.6666666666666667,0.48333333333333334,0.4387315270935961,0.51878078817734,84.5,79.69848430156708,0.5451612903225806,0.1671731203343651,0.38797933095500703,0.8562080002914146,1,0.8571428571428572,0.8418367346938775,0.047619047619047616,0.09523809523809523
537,53,group_053_digit_7_index_0537.png,7,७,117,0.14923469387755103,20,16,1.25,0.365625,0.5024420024420024,0.4703907203907204,83.0,77.59797883033752,0.43455497382198954,0.17321565381693316,-0.697951267944886,0.8115452054231163,0,0.7627551020408163,0.8392857142857143,0.06084656084656084,0.06878306878306878
538,53,group_053_digit_8_index_0538.png,8,८,130,0.16581632653061223,20,17,1.1764705882352942,0.38235294117647056,0.434065934065934,0.4557692307692308,85.5,101.497474193573,0.3525773195876289,0.10429548527694053,-0.590651727023239,0.610270254029464,0,0.8367346938775511,0.7857142857142857,0.06349206349206349,0.10317460317460317
539,53,group_053_digit_9_index_0539.png,9,९,63,0.08035714285714286,20,11,1.8181818181818181,0.2863636363636364,0.6099773242630385,0.46031746031746035,33.5,67.35533845424652,0.3031674208144796,0.09279201925104752,0.04326671032303323,0.8225192966843364,0,0.8801020408163265,0.8954081632653061,0.04497354497354497,0.06878306878306878
